Time,AccX,AccY,AccZ,GyroX,GyroY,GyroZ,Pitch,Roll,Yaw
1747510847.95,0.011,0.106,0.178,0.319,-0.709,-0.877,19.236,10.148,-34.015
1747510847.97,-0.030,0.081,0.138,0.216,-0.976,-0.485,19.423,9.410,-34.903
1747510847.99,-0.134,0.051,0.148,-0.113,-0.906,-0.278,19.420,8.492,-35.340
1747510848.01,-0.058,0.083,0.093,-0.251,-0.797,-0.213,19.156,7.574,-35.583
1747510848.03,-0.072,0.105,0.135,-0.195,-0.576,-0.272,18.861,6.898,-35.845
1747510848.05,-0.036,0.098,0.098,-0.150,-0.746,-0.267,18.631,6.268,-36.144
1747510848.07,-0.030,0.102,0.100,-0.137,-0.962,-0.279,18.441,5.395,-36.455
1747510848.09,-0.012,0.119,0.105,-0.151,-1.364,-0.261,18.263,4.183,-36.807
1747510848.11,-0.014,0.124,0.108,-0.215,-1.478,-0.327,18.029,2.610,-37.167
1747510848.13,-0.093,0.085,-0.028,0.011,-0.997,-0.490,17.876,1.317,-37.690
1747510848.15,-0.161,0.092,-0.064,0.203,-0.447,-0.580,18.012,0.734,-38.381
1747510848.17,-0.107,0.099,0.057,0.124,-0.439,-0.529,18.205,0.474,-39.066
1747510848.19,-0.006,0.123,0.164,-0.002,-0.685,-0.405,18.270,0.026,-39.618
1747510848.21,0.040,0.146,0.121,-0.080,-0.999,-0.420,18.233,-0.801,-40.090
1747510848.23,0.053,0.224,0.166,-0.131,-1.234,-0.765,18.115,-1.851,-40.786
1747510848.25,0.001,0.218,0.078,-0.037,-1.227,-1.171,18.057,-2.953,-41.950
1747510848.27,-0.179,0.176,-0.035,0.086,-1.796,-1.336,18.181,-4.234,-43.495
1747510848.29,-0.032,0.209,0.076,0.054,-1.940,-1.230,18.381,-5.964,-45.067
1747510848.31,0.115,0.182,0.122,0.158,-2.545,-1.038,18.648,-8.093,-46.385
1747510848.33,0.077,0.166,0.124,0.411,-2.603,-1.276,19.165,-10.609,-47.657
1747510848.35,-0.085,0.129,0.025,0.853,-2.775,-1.814,20.219,-13.145,-49.336
1747510848.37,-0.124,0.064,0.076,1.416,-2.345,-2.212,22.041,-15.345,-51.405
1747510848.39,-0.074,0.022,0.167,1.472,-1.078,-1.769,24.482,-16.771,-53.428
1747510848.41,-0.113,-0.267,0.293,0.364,-1.427,-0.538,25.798,-17.450,-54.470
1747510848.43,0.291,-0.203,0.101,-0.218,-2.245,0.590,25.832,-19.660,-54.341
1747510848.45,0.138,0.037,0.128,-0.688,-2.478,0.496,25.074,-22.627,-53.831
1747510848.47,-0.063,0.026,0.166,-0.981,-1.862,0.049,24.073,-25.116,-53.959
1747510848.49,-0.014,-0.142,0.151,-1.065,-1.272,0.138,22.972,-26.688,-54.479
1747510848.51,0.098,-0.083,0.051,-1.033,-0.873,0.217,21.813,-27.758,-54.832
1747510848.53,0.041,0.015,-0.030,-0.813,-0.371,0.030,20.707,-28.437,-55.275
1747510848.55,0.260,-0.156,0.045,0.097,-0.779,0.308,20.315,-28.924,-55.268
1747510848.57,0.027,-0.019,-0.216,0.561,-1.290,0.334,20.484,-30.368,-54.656
1747510848.59,0.009,0.057,0.027,0.385,-1.254,0.132,20.840,-32.004,-54.113
1747510848.61,0.051,0.010,-0.065,-0.283,-2.188,0.050,20.861,-34.100,-54.007
1747510848.63,0.002,-0.076,-0.013,-0.733,-0.911,0.042,20.305,-35.901,-54.334
1747510848.65,-0.011,-0.223,0.181,-0.317,-0.071,0.100,19.760,-36.099,-54.665
1747510848.67,0.120,-0.101,-0.311,0.038,-1.028,0.132,19.571,-36.769,-54.628
1747510848.69,0.060,-0.009,-0.083,0.107,-0.995,0.380,19.486,-38.084,-54.341
1747510848.71,0.066,-0.058,0.041,0.029,-0.657,0.367,19.243,-39.176,-53.863
1747510848.73,-0.089,0.016,-0.013,-0.270,-0.699,-0.102,19.060,-39.960,-53.856
1747510848.75,0.120,0.053,0.039,-0.690,-0.632,-0.327,18.817,-40.605,-54.406
1747510848.77,0.552,0.114,0.074,-0.951,0.276,-0.154,18.302,-40.552,-55.355
1747510848.79,0.724,-0.004,0.088,-0.835,0.777,0.436,17.381,-39.664,-55.948
1747510848.81,0.623,0.013,-0.177,-0.142,0.625,0.859,16.455,-38.955,-55.750
1747510848.83,0.515,0.050,-0.075,0.303,0.588,1.506,15.747,-38.573,-54.546
1747510848.85,0.558,0.086,0.135,-0.019,0.587,2.268,14.572,-38.439,-52.668
1747510848.87,0.584,0.139,0.268,-0.525,1.196,2.615,12.537,-37.949,-50.551
1747510848.89,0.264,0.165,-0.032,-0.732,1.370,2.050,10.291,-36.739,-48.818
1747510848.91,-0.086,0.053,-0.320,-0.404,1.092,1.429,8.574,-35.597,-47.631
1747510848.93,-0.222,-0.156,-0.279,0.044,1.369,1.032,7.607,-34.345,-46.585
1747510848.95,-0.269,-0.158,-0.218,0.251,1.564,0.606,7.263,-32.758,-45.694
1747510848.97,-0.271,-0.014,-0.078,-0.006,1.372,0.666,7.069,-31.123,-45.037
1747510848.99,-0.247,0.060,0.049,-0.512,0.938,0.808,6.345,-29.822,-44.401
1747510849.01,-0.389,0.088,-0.045,-1.155,0.081,0.352,5.191,-29.550,-44.276
1747510849.03,-0.456,0.010,0.082,-1.192,0.948,-0.532,3.967,-28.854,-45.029
1747510849.05,-0.520,0.106,-0.220,-0.938,1.316,-1.245,3.455,-27.412,-46.535
1747510849.07,-0.290,-0.047,-0.201,-1.266,0.911,-0.847,2.898,-25.978,-48.246
1747510849.09,-0.215,-0.014,-0.238,-1.237,0.492,-0.450,1.896,-25.148,-49.489
1747510849.11,-0.271,0.001,-0.239,-1.256,0.314,-0.478,0.817,-24.708,-50.550
1747510849.13,-0.261,-0.042,-0.259,-1.133,0.479,-0.653,-0.168,-24.274,-51.708
1747510849.15,-0.233,0.041,-0.345,-0.868,0.616,-0.939,-0.857,-23.688,-52.982
1747510849.17,-0.291,0.091,-0.212,-0.962,1.102,-1.605,-1.216,-22.756,-54.708
1747510849.19,-0.242,0.204,-0.179,-0.994,1.395,-1.950,-1.487,-21.336,-57.066
1747510849.21,-0.102,0.130,-0.168,-0.864,1.372,-1.777,-1.758,-19.826,-59.466
1747510849.23,-0.068,-0.090,-0.251,-0.424,1.334,-1.523,-1.835,-18.325,-61.495
1747510849.25,0.037,-0.025,-0.303,-0.267,0.990,-1.219,-1.690,-17.061,-63.102
1747510849.27,0.176,0.194,-0.129,-0.536,0.863,-0.900,-1.776,-16.037,-64.356
1747510849.29,0.088,0.167,-0.086,-0.809,0.979,-0.804,-2.272,-15.038,-65.525
1747510849.31,0.023,-0.021,-0.247,-0.552,0.960,-0.398,-2.886,-13.970,-66.415
1747510849.33,-0.009,-0.115,-0.291,0.104,0.696,-0.557,-3.051,-13.086,-66.930
1747510849.35,-0.115,0.049,-0.221,0.446,0.477,-0.577,-2.557,-12.443,-67.567
1747510849.37,-0.125,0.167,-0.096,0.443,0.384,0.036,-1.945,-11.976,-67.762
1747510849.39,-0.094,0.134,-0.027,-0.077,0.361,0.202,-1.757,-11.576,-67.513
1747510849.41,-0.058,0.059,0.031,-0.430,0.511,0.034,-2.104,-11.058,-67.459
1747510849.42,-0.063,0.033,-0.110,0.879,0.277,-0.062,-2.072,-10.184,-67.428
1747510849.44,0.054,-0.090,-0.222,0.904,0.538,0.049,-0.954,-9.873,-67.216
1747510849.46,-0.065,0.061,0.038,0.522,0.969,0.102,-0.163,-8.954,-67.023
1747510849.48,0.016,0.052,-0.084,0.373,0.631,0.067,0.301,-7.987,-66.829
1747510849.50,-0.026,0.065,-0.041,0.457,0.430,0.038,0.748,-7.379,-66.731
1747510849.52,0.067,-0.037,-0.064,0.316,0.515,0.092,1.207,-6.900,-66.591
1747510849.54,-0.012,0.026,0.011,0.267,0.593,0.177,1.487,-6.199,-66.415
1747510849.56,-0.022,0.050,-0.142,1.401,-0.424,0.485,2.515,-6.445,-65.928
1747510849.58,-0.056,-0.086,0.064,0.983,0.041,0.789,3.808,-6.705,-64.994
1747510849.60,0.265,0.026,-0.394,0.697,-0.128,-0.027,4.722,-7.220,-64.507
1747510849.62,0.014,0.247,0.330,0.690,0.352,-0.215,5.498,-6.875,-64.532
1747510849.64,0.007,0.098,-0.042,0.716,0.240,-0.171,6.318,-6.521,-64.686
1747510849.66,0.002,-0.158,-0.049,0.570,0.223,-0.061,7.069,-6.271,-64.730
1747510849.68,0.029,-0.072,-0.043,0.606,0.088,0.037,7.699,-6.068,-64.685
1747510849.70,0.100,-0.088,-0.038,0.536,0.088,0.330,8.392,-6.069,-64.396
1747510849.72,0.000,-0.034,-0.002,0.264,0.265,0.218,8.771,-5.859,-63.972
1747510849.74,-0.030,0.073,-0.022,0.185,0.319,-0.037,9.003,-5.536,-63.849
1747510849.76,-0.086,0.050,-0.030,0.170,0.195,-0.159,9.223,-5.211,-63.984
1747510849.78,-0.024,-0.069,-0.086,0.077,0.017,-0.040,9.381,-5.108,-64.053
1747510849.80,0.072,0.007,-0.023,0.212,-0.047,0.028,9.506,-5.131,-64.049
1747510849.82,-0.085,0.061,0.287,0.457,2.391,0.198,9.833,-4.124,-63.861
1747510849.84,-0.254,0.070,0.615,0.188,-1.020,-0.148,10.978,-1.543,-63.727
1747510849.86,-0.050,-0.098,1.024,0.187,-0.198,0.020,10.633,-1.545,-63.905
1747510849.88,0.039,-0.000,-0.067,0.006,0.011,0.004,10.677,-1.635,-63.897
1747510849.90,0.006,0.009,-0.053,0.008,-0.042,-0.001,10.690,-1.650,-63.895
1747510849.92,-0.003,-0.003,-0.030,0.003,-0.014,0.005,10.694,-1.684,-63.893
1747510849.94,0.013,0.008,-0.016,-0.005,0.021,-0.001,10.693,-1.683,-63.892
1747510849.96,0.021,0.003,-0.010,-0.003,-0.018,0.003,10.687,-1.678,-63.893
1747510849.98,0.009,0.002,-0.007,0.006,-0.018,0.002,10.686,-1.680,-63.889
1747510850.00,0.005,0.001,-0.018,0.007,-0.033,0.001,10.692,-1.703,-63.888
1747510850.02,0.004,0.004,-0.027,-0.011,0.046,-0.000,10.703,-1.727,-63.888
1747510850.04,0.009,0.008,-0.044,-0.006,0.020,-0.001,10.704,-1.725,-63.887
1747510850.06,-0.008,0.000,-0.009,-0.017,0.036,-0.005,10.686,-1.679,-63.890
1747510850.08,0.004,0.000,0.005,-0.009,0.028,0.000,10.667,-1.629,-63.894
1747510850.10,0.023,0.011,-0.030,-0.013,0.038,-0.001,10.654,-1.605,-63.896
1747510850.12,0.007,0.001,-0.015,-0.021,0.049,-0.003,10.623,-1.534,-63.899
1747510850.14,0.003,0.004,-0.002,0.001,-0.020,0.002,10.614,-1.513,-63.900
1747510850.16,0.007,-0.000,-0.021,0.007,-0.009,0.003,10.615,-1.526,-63.898
1747510850.18,0.007,0.007,-0.045,0.034,-0.075,0.001,10.634,-1.580,-63.896
1747510850.20,-0.001,0.009,-0.014,0.014,-0.040,0.001,10.662,-1.648,-63.892
1747510850.22,0.008,-0.003,-0.002,-0.004,0.001,0.001,10.662,-1.655,-63.890
1747510850.24,0.012,0.003,-0.016,-0.009,0.013,0.001,10.655,-1.647,-63.889
1747510850.26,0.009,0.005,-0.022,0.015,-0.034,0.002,10.654,-1.656,-63.887
1747510850.28,0.004,0.007,-0.018,0.022,-0.066,0.002,10.673,-1.710,-63.885
1747510850.30,0.009,-0.000,-0.014,0.016,-0.040,0.001,10.696,-1.772,-63.883
1747510850.32,0.011,0.002,-0.012,0.014,-0.023,0.001,10.708,-1.796,-63.880
1747510850.34,-0.002,0.009,-0.029,0.015,-0.027,0.000,10.724,-1.835,-63.878
1747510850.36,0.003,-0.000,-0.018,0.005,-0.012,0.002,10.727,-1.849,-63.878
1747510850.38,0.015,0.006,0.002,0.010,-0.023,0.003,10.730,-1.852,-63.876
1747510850.40,0.000,0.003,-0.000,-0.021,0.053,-0.003,10.713,-1.808,-63.877
1747510850.42,0.002,0.005,-0.029,-0.001,-0.004,0.000,10.693,-1.770,-63.882
1747510850.44,0.014,0.005,-0.026,0.005,-0.022,-0.002,10.705,-1.806,-63.881
1747510850.46,0.008,0.001,-0.007,0.000,0.002,-0.002,10.702,-1.800,-63.882
1747510850.48,0.001,0.005,-0.022,0.008,-0.009,-0.003,10.703,-1.802,-63.884
1747510850.50,0.005,0.005,-0.028,0.011,-0.007,0.000,10.716,-1.838,-63.884
1747510850.52,0.002,0.003,0.018,-0.036,0.113,-0.004,10.690,-1.755,-63.889
1747510850.54,0.005,-0.001,-0.004,-0.027,0.117,-0.012,10.651,-1.603,-63.901
1747510850.56,0.003,0.006,-0.029,0.001,0.054,-0.012,10.635,-1.506,-63.912
1747510850.58,-0.022,-0.009,-0.027,0.054,0.041,-0.190,10.684,-1.437,-64.013
1747510850.60,-0.088,0.003,-0.027,0.018,0.021,-0.342,10.729,-1.347,-64.335
1747510850.62,-0.051,-0.007,-0.014,0.010,0.005,-0.420,10.754,-1.248,-64.776
1747510850.64,-0.020,0.005,-0.018,0.007,-0.008,-0.424,10.772,-1.160,-65.280
1747510850.66,0.032,0.008,-0.027,0.003,0.010,-0.386,10.788,-1.082,-65.747
1747510850.68,0.007,0.001,-0.016,0.002,0.015,-0.401,10.801,-0.986,-66.197
1747510850.70,-0.026,0.003,-0.014,0.002,-0.045,-0.447,10.814,-0.894,-66.694
1747510850.72,0.119,0.028,-0.041,0.040,-0.159,-0.002,10.834,-1.005,-66.985
1747510850.74,-0.001,0.005,0.052,-0.013,0.035,0.002,10.825,-0.980,-66.987
1747510850.76,0.019,0.002,-0.022,-0.005,0.012,0.000,10.823,-0.968,-66.986
1747510850.78,0.004,0.002,-0.025,-0.002,0.013,-0.003,10.816,-0.950,-66.988
1747510850.80,0.006,0.008,-0.018,0.000,0.009,0.001,10.814,-0.938,-66.989
1747510850.82,0.007,0.003,-0.019,-0.001,0.002,0.002,10.813,-0.927,-66.991
1747510850.84,-0.001,0.002,-0.019,0.000,-0.005,0.001,10.814,-0.927,-66.991
1747510850.86,0.007,0.002,-0.023,-0.000,-0.003,-0.001,10.815,-0.932,-66.991
1747510850.88,0.007,0.004,-0.020,0.002,0.007,0.001,10.816,-0.933,-66.990
1747510850.90,0.006,0.002,-0.017,-0.001,0.002,-0.001,10.814,-0.926,-66.991
1747510850.92,0.007,-0.001,-0.014,-0.001,-0.004,0.002,10.812,-0.920,-66.991
1747510850.94,0.009,0.004,-0.014,0.001,-0.006,-0.000,10.811,-0.920,-66.991
1747510850.96,0.007,0.001,-0.027,0.000,-0.002,0.003,10.810,-0.923,-66.990
1747510850.98,0.002,0.003,-0.015,0.001,-0.004,-0.001,10.808,-0.923,-66.990
1747510851.00,0.003,0.003,-0.013,0.001,-0.001,-0.000,10.808,-0.924,-66.990
1747510851.02,0.005,0.004,-0.023,0.001,0.002,0.000,10.806,-0.924,-66.989
1747510851.04,0.009,0.006,-0.018,-0.001,-0.001,-0.001,10.806,-0.921,-66.990
1747510851.06,0.004,0.005,-0.014,0.001,-0.000,-0.001,10.805,-0.922,-66.989
1747510851.08,0.008,0.001,-0.016,0.001,0.002,0.002,10.804,-0.920,-66.989
1747510851.10,0.010,0.007,-0.017,0.003,-0.020,0.001,10.804,-0.928,-66.989
1747510851.12,-0.018,-0.003,-0.022,-0.001,0.007,-0.006,10.805,-0.942,-66.991
1747510851.14,0.016,0.015,-0.022,0.002,0.000,0.002,10.804,-0.941,-66.993
1747510851.16,0.034,-0.007,-0.023,0.001,-0.007,0.002,10.804,-0.950,-66.989
1747510851.18,-0.046,0.010,0.014,-0.002,0.004,-0.008,10.802,-0.945,-66.992
1747510851.20,0.031,-0.000,-0.024,0.001,-0.001,0.002,10.799,-0.939,-66.995
1747510851.22,0.043,0.002,-0.042,-0.002,0.003,0.005,10.796,-0.944,-66.989
1747510851.24,-0.045,0.005,-0.001,0.001,-0.001,-0.005,10.797,-0.936,-66.992
1747510851.26,0.014,-0.014,-0.026,0.000,0.001,-0.001,10.795,-0.944,-66.995
1747510851.28,0.024,0.023,-0.018,0.002,-0.001,0.002,10.796,-0.948,-66.993
1747510851.30,-0.015,-0.011,-0.012,0.000,0.001,-0.001,10.798,-0.941,-66.994
1747510851.32,-0.004,0.009,-0.021,-0.004,0.001,-0.001,10.793,-0.940,-66.996
1747510851.34,0.036,0.002,-0.015,-0.001,0.006,0.002,10.794,-0.937,-66.996
1747510851.36,0.005,0.008,-0.016,-0.000,0.007,0.000,10.787,-0.924,-66.995
1747510851.38,-0.014,-0.001,-0.026,-0.001,0.002,-0.002,10.786,-0.920,-66.995
1747510851.40,0.002,0.008,-0.009,-0.003,0.008,-0.000,10.783,-0.914,-66.998
1747510851.42,0.000,0.015,-0.014,-0.003,0.009,-0.002,10.776,-0.894,-67.001
1747510851.44,0.013,0.003,-0.027,-0.000,-0.017,-0.002,10.774,-0.896,-67.005
1747510851.46,0.002,0.026,-0.019,-0.000,-0.032,-0.001,10.773,-0.929,-67.007
1747510851.48,0.024,-0.000,-0.021,-0.001,-0.035,-0.001,10.771,-0.963,-67.009
1747510851.50,0.014,0.026,-0.021,-0.008,-0.037,0.005,10.769,-0.995,-67.007
1747510851.52,-0.013,0.028,0.042,-0.001,-0.016,-0.000,10.766,-1.008,-67.007
1747510851.54,-0.001,0.006,-0.044,-0.009,0.004,-0.004,10.754,-1.006,-67.012
1747510851.56,0.019,0.051,-0.025,0.001,-0.019,0.002,10.741,-1.004,-67.013
1747510851.58,-0.011,0.021,0.001,-0.013,-0.002,-0.004,10.727,-1.006,-67.015
1747510851.60,0.005,0.020,-0.017,-0.015,-0.007,-0.001,10.699,-1.015,-67.019
1747510851.62,0.030,0.039,-0.036,-0.016,-0.013,0.001,10.674,-1.038,-67.016
1747510851.64,0.001,0.022,-0.007,-0.013,-0.034,-0.001,10.642,-1.057,-67.017
1747510851.66,-0.011,0.038,0.007,-0.019,-0.018,-0.002,10.614,-1.079,-67.019
1747510851.68,0.013,0.038,-0.007,-0.023,-0.008,0.003,10.582,-1.089,-67.021
1747510851.70,0.010,0.030,-0.018,-0.024,-0.013,-0.002,10.544,-1.095,-67.025
1747510851.72,0.002,0.036,-0.032,-0.026,-0.055,-0.004,10.506,-1.148,-67.030
1747510851.74,0.015,0.033,-0.007,-0.049,0.039,0.004,10.450,-1.157,-67.029
1747510851.76,0.012,0.035,-0.053,-0.035,-0.002,0.000,10.397,-1.179,-67.028
1747510851.78,-0.003,0.037,-0.018,-0.037,-0.019,-0.000,10.347,-1.197,-67.028
1747510851.80,0.000,0.044,0.007,-0.047,0.007,-0.000,10.289,-1.195,-67.032
1747510851.82,0.013,0.011,-0.012,-0.048,0.016,0.002,10.221,-1.174,-67.035
1747510851.84,0.021,0.034,-0.017,-0.056,0.025,0.004,10.150,-1.146,-67.034
1747510851.86,-0.009,0.049,-0.018,-0.056,0.008,-0.002,10.075,-1.131,-67.032
1747510851.88,-0.021,0.011,-0.023,-0.063,0.009,-0.004,9.993,-1.125,-67.037
1747510851.90,0.028,0.022,-0.012,-0.070,0.026,0.002,9.911,-1.104,-67.040
1747510851.92,0.025,0.039,-0.014,-0.073,0.026,0.001,9.820,-1.067,-67.040
1747510851.94,-0.022,0.025,-0.012,-0.079,0.030,-0.003,9.718,-1.033,-67.043
1747510851.96,0.003,0.023,-0.016,-0.081,0.032,0.000,9.619,-1.006,-67.044
1747510851.98,0.017,0.036,-0.016,-0.087,0.032,-0.002,9.515,-0.959,-67.047
1747510852.00,-0.010,0.024,-0.023,-0.088,0.013,-0.001,9.402,-0.917,-67.053
1747510852.02,0.016,0.022,-0.029,-0.093,0.001,0.001,9.291,-0.918,-67.056
1747510852.04,0.022,0.035,-0.018,-0.098,-0.003,0.004,9.178,-0.922,-67.054
1747510852.06,-0.014,0.027,-0.016,-0.105,0.003,-0.002,9.052,-0.920,-67.055
1747510852.08,0.002,0.024,-0.018,-0.112,0.003,0.001,8.921,-0.918,-67.059
1747510852.10,0.014,0.028,-0.021,-0.114,-0.003,-0.001,8.788,-0.914,-67.061
1747510852.12,-0.010,0.027,-0.025,-0.124,-0.010,-0.002,8.644,-0.916,-67.066
1747510852.14,0.010,0.021,-0.023,-0.132,-0.005,0.001,8.493,-0.926,-67.069
1747510852.16,0.030,0.021,-0.030,-0.142,0.006,0.006,8.333,-0.928,-67.066
1747510852.18,-0.007,0.023,-0.024,-0.151,0.004,-0.001,8.163,-0.922,-67.066
1747510852.20,-0.018,0.024,-0.014,-0.160,0.003,-0.004,7.982,-0.916,-67.072
1747510852.22,0.013,0.019,-0.027,-0.168,0.014,0.002,7.792,-0.903,-67.076
1747510852.24,0.022,0.011,-0.034,-0.173,0.009,0.002,7.595,-0.886,-67.076
1747510852.26,0.004,0.024,-0.028,-0.187,-0.003,0.002,7.388,-0.882,-67.076
1747510852.28,-0.007,0.010,-0.031,-0.190,-0.006,-0.000,7.172,-0.891,-67.079
1747510852.30,-0.003,0.010,-0.033,-0.200,-0.006,-0.001,6.947,-0.898,-67.083
1747510852.32,0.011,0.019,-0.030,-0.211,-0.007,0.002,6.711,-0.902,-67.086
1747510852.34,0.015,0.003,-0.032,-0.219,0.001,0.004,6.463,-0.902,-67.087
1747510852.36,0.001,0.008,-0.031,-0.235,0.005,0.003,6.203,-0.899,-67.089
1747510852.38,-0.005,0.009,-0.038,-0.243,0.003,-0.002,5.930,-0.896,-67.093
1747510852.40,0.006,0.002,-0.039,-0.253,0.006,0.001,5.645,-0.891,-67.097
1747510852.42,0.011,-0.002,-0.033,-0.265,0.010,0.003,5.350,-0.881,-67.100
1747510852.44,0.006,-0.002,-0.037,-0.277,0.010,0.001,5.041,-0.869,-67.101
1747510852.46,0.001,0.000,-0.044,-0.286,0.010,0.003,4.719,-0.857,-67.103
1747510852.48,0.003,-0.014,-0.039,-0.298,0.007,0.005,4.385,-0.845,-67.104
1747510852.49,0.007,-0.012,-0.042,-0.309,0.002,0.002,4.038,-0.842,-67.105
1747510852.51,0.008,-0.013,-0.053,-0.320,-0.011,0.005,3.678,-0.852,-67.106
1747510852.53,-0.002,-0.016,-0.041,-0.329,-0.015,-0.000,3.306,-0.867,-67.107
1747510852.55,-0.004,-0.027,-0.043,-0.334,-0.035,0.003,2.928,-0.895,-67.111
1747510852.57,0.016,-0.042,-0.041,-0.336,-0.023,0.007,2.547,-0.936,-67.113
1747510852.59,-0.005,-0.040,-0.047,-0.360,0.008,0.004,2.151,-0.946,-67.113
1747510852.61,0.006,-0.017,-0.034,-0.378,0.040,0.004,1.728,-0.913,-67.116
1747510852.63,0.003,-0.048,-0.043,-0.385,0.039,0.004,1.291,-0.856,-67.118
1747510852.65,-0.001,-0.024,-0.061,-0.387,0.035,0.004,0.851,-0.816,-67.119
1747510852.67,0.007,-0.060,-0.053,-0.386,0.034,0.004,0.410,-0.774,-67.122
1747510852.69,0.007,-0.025,-0.043,-0.394,0.035,0.003,-0.036,-0.728,-67.125
1747510852.71,0.054,-0.074,-0.058,-0.399,-0.011,0.444,-0.475,-0.666,-66.967
1747510852.73,-0.126,-0.022,-0.071,-0.419,-0.007,0.000,-0.948,-0.655,-66.701
1747510852.75,0.009,-0.080,-0.044,-0.435,-0.035,0.008,-1.434,-0.676,-66.704
1747510852.77,0.029,-0.060,-0.025,-0.431,-0.024,0.013,-1.925,-0.686,-66.699
1747510852.79,0.018,-0.063,-0.037,-0.433,-0.025,0.011,-2.416,-0.682,-66.690
1747510852.81,-0.035,-0.070,-0.091,-0.437,-0.029,0.004,-2.911,-0.687,-66.687
1747510852.83,-0.000,-0.069,-0.023,-0.435,-0.012,0.007,-3.407,-0.692,-66.689
1747510852.85,0.014,-0.079,-0.067,-0.431,0.018,0.014,-3.903,-0.687,-66.683
1747510852.87,0.009,-0.077,-0.061,-0.426,0.011,0.017,-4.396,-0.671,-66.671
1747510852.89,0.007,-0.071,-0.032,-0.421,0.015,0.012,-4.882,-0.649,-66.660
1747510852.91,-0.032,-0.073,-0.058,-0.422,0.008,0.006,-5.364,-0.630,-66.655
1747510852.93,-0.007,-0.075,-0.031,-0.415,0.017,0.009,-5.839,-0.611,-66.654
1747510852.95,0.026,-0.076,-0.045,-0.404,0.030,0.013,-6.307,-0.581,-66.648
1747510852.97,-0.004,-0.080,-0.058,-0.398,0.016,0.014,-6.767,-0.551,-66.636
1747510852.99,-0.008,-0.073,-0.028,-0.397,-0.004,0.008,-7.223,-0.541,-66.628
1747510853.01,0.005,-0.074,-0.051,-0.391,-0.007,0.011,-7.674,-0.546,-66.622
1747510853.03,0.007,-0.069,-0.025,-0.380,0.002,0.009,-8.114,-0.541,-66.615
1747510853.05,-0.008,-0.066,-0.046,-0.372,0.002,0.007,-8.546,-0.536,-66.609
1747510853.07,-0.022,-0.070,-0.046,-0.364,0.012,0.006,-8.967,-0.529,-66.606
1747510853.09,0.013,-0.064,-0.035,-0.351,0.028,0.009,-9.377,-0.509,-66.601
1747510853.11,0.016,-0.070,-0.036,-0.345,0.035,0.007,-9.773,-0.471,-66.595
1747510853.13,-0.005,-0.070,-0.038,-0.339,0.014,0.006,-10.163,-0.441,-66.590
1747510853.15,-0.012,-0.070,-0.044,-0.337,0.005,0.003,-10.548,-0.432,-66.589
1747510853.17,-0.004,-0.067,-0.035,-0.330,-0.002,-0.000,-10.928,-0.434,-66.591
1747510853.19,0.013,-0.072,-0.050,-0.320,-0.001,0.004,-11.298,-0.439,-66.591
1747510853.21,0.009,-0.069,-0.050,-0.309,-0.003,0.004,-11.659,-0.440,-66.588
1747510853.23,-0.008,-0.065,-0.033,-0.300,-0.000,0.000,-12.010,-0.438,-66.588
1747510853.25,-0.006,-0.075,-0.050,-0.294,-0.011,0.002,-12.352,-0.447,-66.589
1747510853.27,0.005,-0.072,-0.037,-0.285,0.004,0.001,-12.682,-0.448,-66.590
1747510853.29,0.012,-0.074,-0.039,-0.272,0.015,0.005,-12.999,-0.436,-66.587
1747510853.31,0.003,-0.073,-0.047,-0.259,0.016,0.004,-13.302,-0.417,-66.583
1747510853.33,-0.010,-0.076,-0.046,-0.249,0.018,0.002,-13.592,-0.398,-66.583
1747510853.35,-0.000,-0.075,-0.041,-0.237,0.023,0.002,-13.869,-0.375,-66.582
1747510853.37,0.012,-0.076,-0.048,-0.224,0.022,0.007,-14.131,-0.349,-66.580
1747510853.39,0.002,-0.074,-0.047,-0.212,0.003,0.005,-14.380,-0.333,-66.577
1747510853.41,-0.014,-0.076,-0.047,-0.198,-0.007,-0.001,-14.605,-0.329,-66.578
1747510853.43,0.003,-0.077,-0.047,-0.182,-0.009,-0.000,-14.814,-0.335,-66.579
1747510853.45,0.019,-0.074,-0.042,-0.170,0.008,0.006,-15.004,-0.334,-66.577
1747510853.47,0.001,-0.074,-0.036,-0.152,0.014,0.003,-15.175,-0.323,-66.572
1747510853.49,-0.015,-0.068,-0.033,-0.132,0.013,-0.002,-15.325,-0.309,-66.573
1747510853.51,-0.008,-0.072,-0.040,-0.115,0.007,-0.002,-15.454,-0.300,-66.578
1747510853.53,0.018,-0.064,-0.030,-0.098,0.002,0.000,-15.562,-0.291,-66.579
1747510853.55,0.017,-0.062,-0.030,-0.077,-0.002,0.005,-15.648,-0.288,-66.577
1747510853.57,-0.008,-0.064,-0.035,-0.060,-0.007,-0.001,-15.714,-0.293,-66.576
1747510853.59,-0.014,-0.062,-0.030,-0.042,-0.005,-0.003,-15.757,-0.302,-66.578
1747510853.61,0.005,-0.059,-0.025,-0.022,0.002,-0.001,-15.778,-0.302,-66.580
1747510853.63,0.015,-0.055,-0.027,-0.001,0.013,0.001,-15.774,-0.288,-66.577
1747510853.65,0.007,-0.060,-0.035,0.019,0.015,0.003,-15.747,-0.276,-66.574
1747510853.67,-0.004,-0.051,-0.024,0.042,0.010,-0.000,-15.696,-0.265,-66.573
1747510853.69,-0.003,-0.037,-0.011,0.062,0.006,-0.001,-15.620,-0.252,-66.573
1747510853.71,0.001,-0.037,-0.011,0.083,0.007,-0.002,-15.520,-0.241,-66.575
1747510853.73,0.005,-0.042,-0.024,0.103,0.003,0.001,-15.395,-0.233,-66.575
1747510853.75,0.009,-0.040,-0.017,0.123,0.004,-0.001,-15.247,-0.230,-66.575
1747510853.77,0.003,-0.026,-0.006,0.141,0.005,-0.001,-15.084,-0.226,-66.575
1747510853.79,-0.002,-0.025,-0.003,0.159,0.001,-0.003,-14.902,-0.225,-66.576
1747510853.81,0.001,-0.023,-0.005,0.179,-0.005,-0.003,-14.697,-0.228,-66.578
1747510853.83,0.007,-0.019,0.001,0.197,0.003,0.000,-14.471,-0.227,-66.578
1747510853.85,0.008,-0.011,0.007,0.212,0.002,-0.002,-14.232,-0.221,-66.577
1747510853.87,-0.003,-0.009,0.007,0.233,0.002,-0.005,-13.971,-0.215,-66.579
1747510853.89,0.002,-0.003,0.011,0.246,-0.003,-0.006,-13.694,-0.215,-66.583
1747510853.91,0.013,-0.002,0.014,0.264,-0.004,-0.002,-13.402,-0.217,-66.584
1747510853.93,0.008,-0.001,0.016,0.277,-0.005,-0.001,-13.096,-0.217,-66.585
1747510853.95,-0.004,0.006,0.020,0.289,-0.008,-0.005,-12.775,-0.226,-66.587
1747510853.97,0.001,0.014,0.028,0.302,-0.005,-0.005,-12.443,-0.235,-66.592
1747510853.99,0.012,0.015,0.024,0.316,-0.007,-0.003,-12.095,-0.236,-66.593
1747510854.01,0.006,0.018,0.026,0.329,-0.006,-0.002,-11.726,-0.243,-66.595
1747510854.03,0.002,0.017,0.026,0.340,-0.013,-0.003,-11.345,-0.258,-66.596
1747510854.05,0.006,0.028,0.037,0.349,-0.012,-0.002,-10.953,-0.274,-66.598
1747510854.07,0.003,0.032,0.034,0.359,-0.010,-0.008,-10.548,-0.286,-66.602
1747510854.09,0.001,0.024,0.037,0.368,0.005,-0.005,-10.132,-0.289,-66.606
1747510854.11,0.015,0.036,0.038,0.374,0.009,-0.003,-9.707,-0.281,-66.606
1747510854.13,0.009,0.041,0.039,0.385,0.007,-0.004,-9.273,-0.272,-66.607
1747510854.15,-0.005,0.045,0.043,0.389,-0.001,-0.005,-8.831,-0.270,-66.611
1747510854.17,0.005,0.051,0.042,0.397,-0.010,-0.005,-8.382,-0.273,-66.613
1747510854.19,0.014,0.055,0.043,0.402,-0.005,-0.005,-7.927,-0.282,-66.615
1747510854.21,0.007,0.059,0.041,0.407,-0.002,-0.002,-7.465,-0.289,-66.616
1747510854.23,0.007,0.060,0.050,0.411,0.001,-0.001,-6.999,-0.289,-66.616
1747510854.25,0.005,0.068,0.043,0.414,-0.005,-0.002,-6.528,-0.293,-66.619
1747510854.27,0.000,0.071,0.039,0.416,-0.015,-0.005,-6.054,-0.305,-66.620
1747510854.29,0.010,0.071,0.042,0.417,-0.021,-0.004,-5.579,-0.325,-66.622
1747510854.31,0.016,0.077,0.034,0.424,-0.027,-0.002,-5.098,-0.352,-66.622
1747510854.33,0.006,0.080,0.039,0.424,-0.026,-0.001,-4.612,-0.385,-66.624
1747510854.35,0.001,0.087,0.039,0.424,-0.019,-0.003,-4.128,-0.411,-66.625
1747510854.37,0.006,0.081,0.037,0.415,0.019,-0.002,-3.649,-0.412,-66.626
1747510854.39,0.013,0.093,0.037,0.422,0.006,-0.005,-3.172,-0.391,-66.625
1747510854.41,0.006,0.084,0.024,0.424,-0.006,-0.002,-2.689,-0.390,-66.626
1747510854.43,0.007,0.096,0.027,0.421,-0.014,-0.004,-2.206,-0.402,-66.625
1747510854.45,0.006,0.090,0.027,0.422,-0.012,-0.002,-1.725,-0.417,-66.625
1747510854.47,0.006,0.095,0.025,0.423,-0.001,-0.002,-1.244,-0.424,-66.624
1747510854.49,0.014,0.094,0.019,0.419,-0.009,-0.002,-0.763,-0.430,-66.621
1747510854.51,0.004,0.099,0.018,0.418,-0.007,-0.002,-0.287,-0.439,-66.617
1747510854.53,-0.000,0.095,0.024,0.412,0.001,-0.003,0.187,-0.440,-66.615
1747510854.55,0.009,0.095,0.013,0.410,-0.002,-0.004,0.657,-0.439,-66.614
1747510854.57,0.011,0.100,0.009,0.408,-0.012,-0.001,1.126,-0.447,-66.611
1747510854.59,0.009,0.094,0.011,0.404,-0.018,-0.003,1.590,-0.463,-66.607
1747510854.61,0.011,0.098,0.008,0.401,-0.017,-0.000,2.048,-0.483,-66.603
1747510854.63,0.002,0.096,0.011,0.392,-0.020,-0.001,2.503,-0.503,-66.602
1747510854.65,0.000,0.099,0.004,0.391,-0.011,-0.005,2.951,-0.517,-66.600
1747510854.67,0.012,0.093,-0.000,0.387,-0.007,0.000,3.395,-0.525,-66.598
1747510854.69,0.013,0.094,-0.004,0.382,-0.002,0.002,3.833,-0.534,-66.591
1747510854.71,0.004,0.087,0.000,0.375,-0.004,0.001,4.264,-0.542,-66.587
1747510854.73,0.009,0.094,-0.007,0.373,0.004,-0.001,4.689,-0.541,-66.583
1747510854.75,-0.001,0.091,-0.000,0.362,-0.015,0.000,5.107,-0.547,-66.579
1747510854.77,0.003,0.090,-0.007,0.349,-0.026,-0.004,5.514,-0.575,-66.578
1747510854.79,0.022,0.088,-0.012,0.344,-0.042,-0.001,5.908,-0.614,-66.575
1747510854.81,0.005,0.088,-0.006,0.338,-0.018,-0.001,6.298,-0.649,-66.571
1747510854.83,0.008,0.085,-0.007,0.331,-0.006,0.001,6.679,-0.662,-66.567
1747510854.85,0.011,0.089,-0.002,0.323,-0.002,0.001,7.053,-0.668,-66.562
1747510854.87,-0.010,0.082,-0.008,0.309,-0.006,-0.003,7.415,-0.672,-66.560
1747510854.89,0.014,0.085,-0.009,0.301,-0.016,0.001,7.763,-0.681,-66.558
1747510854.91,0.022,0.082,-0.019,0.289,-0.016,0.003,8.100,-0.701,-66.553
1747510854.93,-0.001,0.083,-0.010,0.282,-0.007,-0.000,8.428,-0.711,-66.548
1747510854.95,0.005,0.080,-0.010,0.268,-0.012,-0.001,8.741,-0.722,-66.544
1747510854.97,0.007,0.079,-0.008,0.259,-0.001,0.000,9.041,-0.730,-66.542
1747510854.99,0.003,0.084,-0.014,0.248,-0.007,-0.003,9.330,-0.736,-66.539
1747510855.01,0.013,0.074,-0.019,0.233,-0.017,-0.003,9.604,-0.751,-66.538
1747510855.03,0.018,0.078,-0.016,0.218,-0.027,0.001,9.860,-0.778,-66.534
1747510855.05,-0.002,0.073,-0.017,0.205,-0.010,-0.002,10.087,-0.799,-66.531
1747510855.07,-0.002,0.075,-0.016,0.191,-0.006,-0.000,10.280,-0.809,-66.528
1747510855.09,0.011,0.069,-0.016,0.180,-0.010,-0.002,10.457,-0.813,-66.528
1747510855.11,0.005,0.065,-0.024,0.162,-0.013,-0.002,10.619,-0.815,-66.529
1747510855.13,0.011,0.066,-0.023,0.148,-0.012,0.001,10.763,-0.827,-66.528
1747510855.15,0.013,0.064,-0.028,0.130,-0.010,0.001,10.891,-0.846,-66.525
1747510855.17,-0.003,0.062,-0.022,0.120,0.005,-0.000,11.005,-0.844,-66.523
1747510855.19,0.000,0.061,-0.026,0.096,-0.006,-0.000,11.100,-0.844,-66.520
1747510855.21,0.010,0.049,-0.027,0.077,-0.010,-0.001,11.175,-0.850,-66.521
1747510855.23,0.012,0.055,-0.032,0.061,-0.018,0.000,11.234,-0.861,-66.519
1747510855.25,0.005,0.048,-0.034,0.043,-0.017,-0.001,11.276,-0.878,-66.520
1747510855.27,0.009,0.043,-0.034,0.025,-0.018,-0.000,11.302,-0.892,-66.520
1747510855.29,0.007,0.040,-0.039,0.007,-0.002,0.000,11.313,-0.898,-66.519
1747510855.31,0.001,0.036,-0.040,-0.011,-0.001,-0.001,11.303,-0.899,-66.520
1747510855.33,0.004,0.034,-0.039,-0.031,0.001,-0.003,11.272,-0.901,-66.520
1747510855.35,0.004,0.025,-0.047,-0.050,-0.006,-0.000,11.220,-0.905,-66.522
1747510855.37,0.003,0.024,-0.047,-0.070,-0.008,-0.001,11.148,-0.912,-66.523
1747510855.39,0.014,0.022,-0.049,-0.091,-0.013,0.003,11.053,-0.923,-66.524
1747510855.41,0.009,0.019,-0.055,-0.109,-0.015,0.001,10.936,-0.940,-66.524
1747510855.43,-0.005,0.007,-0.050,-0.127,0.003,0.002,10.798,-0.950,-66.524
1747510855.45,0.007,0.010,-0.053,-0.148,0.001,0.004,10.639,-0.946,-66.524
1747510855.47,0.006,0.006,-0.057,-0.167,0.004,0.003,10.459,-0.945,-66.523
1747510855.49,-0.002,-0.004,-0.060,-0.184,0.001,-0.001,10.257,-0.947,-66.525
1747510855.51,0.004,-0.049,-0.066,-0.205,-0.010,0.004,10.037,-0.951,-66.527
1747510855.53,0.007,-0.016,-0.060,-0.223,-0.003,0.005,9.794,-0.959,-66.528
1747510855.55,0.015,0.015,-0.049,-0.234,-0.014,0.002,9.529,-0.974,-66.528
1747510855.57,-0.008,-0.029,-0.092,-0.261,0.036,0.003,9.239,-0.963,-66.529
1747510855.58,-0.008,-0.018,-0.027,-0.278,0.015,0.007,8.933,-0.940,-66.529
1747510855.61,0.001,-0.056,-0.068,-0.295,0.006,0.002,8.607,-0.936,-66.531
1747510855.63,0.012,-0.026,-0.075,-0.306,-0.012,0.005,8.262,-0.932,-66.534
1747510855.64,0.019,-0.029,-0.066,-0.327,-0.013,0.004,7.899,-0.936,-66.533
1747510855.66,-0.008,-0.046,-0.071,-0.343,-0.012,0.002,7.516,-0.943,-66.535
1747510855.68,-0.011,-0.039,-0.064,-0.361,-0.005,0.004,7.113,-0.955,-66.538
1747510855.70,0.026,-0.056,-0.068,-0.376,-0.011,0.011,6.693,-0.966,-66.537
1747510855.72,-0.005,-0.050,-0.057,-0.395,0.006,0.008,6.255,-0.969,-66.535
1747510855.74,-0.016,-0.055,-0.072,-0.410,0.018,0.006,5.793,-0.954,-66.537
1747510855.76,0.015,-0.066,-0.067,-0.424,0.017,0.007,5.319,-0.935,-66.539
1747510855.78,0.008,-0.059,-0.066,-0.438,0.022,0.007,4.826,-0.909,-66.539
1747510855.80,-0.004,-0.073,-0.086,-0.451,0.020,0.006,4.319,-0.896,-66.539
1747510855.82,-0.005,-0.069,-0.057,-0.462,0.018,0.007,3.798,-0.875,-66.539
1747510855.84,0.009,-0.076,-0.067,-0.477,0.033,0.011,3.264,-0.851,-66.538
1747510855.86,0.007,-0.080,-0.083,-0.485,0.020,0.012,2.717,-0.824,-66.532
1747510855.88,-0.008,-0.082,-0.056,-0.501,-0.012,0.089,2.159,-0.810,-66.517
1747510855.90,0.006,-0.088,-0.075,-0.494,-0.012,0.009,1.583,-0.813,-66.471
1747510855.92,0.004,-0.074,-0.083,-0.506,-0.018,0.009,1.011,-0.834,-66.469
1747510855.94,0.005,-0.104,-0.057,-0.510,-0.002,0.011,0.428,-0.839,-66.468
1747510855.96,-0.006,-0.099,-0.071,-0.519,0.006,0.007,-0.160,-0.839,-66.465
1747510855.98,0.002,-0.094,-0.067,-0.522,0.003,0.010,-0.754,-0.835,-66.462
1747510856.00,-0.005,-0.110,-0.061,-0.527,0.017,0.008,-1.355,-0.819,-66.460
1747510856.02,-0.001,-0.103,-0.070,-0.526,0.018,0.010,-1.957,-0.803,-66.459
1747510856.04,0.017,-0.103,-0.064,-0.524,0.020,0.012,-2.558,-0.783,-66.454
1747510856.06,-0.012,-0.109,-0.065,-0.528,0.015,0.008,-3.161,-0.760,-66.450
1747510856.08,-0.009,-0.106,-0.064,-0.524,0.016,0.008,-3.761,-0.742,-66.449
1747510856.10,0.007,-0.106,-0.056,-0.520,0.022,0.011,-4.355,-0.721,-66.446
1747510856.12,0.005,-0.110,-0.057,-0.512,0.023,0.014,-4.946,-0.690,-66.440
1747510856.14,0.007,-0.109,-0.062,-0.508,0.023,0.011,-5.528,-0.662,-66.432
1747510856.16,-0.010,-0.103,-0.054,-0.499,0.018,0.009,-6.103,-0.638,-66.426
1747510856.18,-0.011,-0.107,-0.061,-0.489,0.003,0.008,-6.666,-0.628,-66.423
1747510856.20,0.011,-0.107,-0.054,-0.481,0.003,0.011,-7.220,-0.625,-66.417
1747510856.22,0.002,-0.103,-0.055,-0.468,0.011,0.013,-7.764,-0.614,-66.412
1747510856.24,0.006,-0.103,-0.052,-0.460,0.015,0.013,-8.294,-0.600,-66.403
1747510856.26,-0.005,-0.102,-0.053,-0.449,0.013,0.008,-8.814,-0.584,-66.397
1747510856.28,-0.016,-0.099,-0.044,-0.439,0.019,0.009,-9.321,-0.564,-66.393
1747510856.30,0.019,-0.098,-0.054,-0.421,0.018,0.010,-9.814,-0.541,-66.387
1747510856.32,0.004,-0.098,-0.047,-0.410,0.016,0.009,-10.291,-0.519,-66.378
1747510856.34,-0.013,-0.098,-0.053,-0.398,0.008,0.008,-10.754,-0.504,-66.372
1747510856.36,-0.002,-0.091,-0.044,-0.381,0.003,0.005,-11.198,-0.498,-66.368
1747510856.38,-0.001,-0.096,-0.050,-0.366,0.008,0.008,-11.626,-0.495,-66.364
1747510856.40,0.004,-0.096,-0.046,-0.356,0.015,0.007,-12.039,-0.482,-66.358
1747510856.42,0.006,-0.092,-0.047,-0.340,0.013,0.007,-12.436,-0.464,-66.352
1747510856.44,-0.005,-0.095,-0.051,-0.326,0.016,0.008,-12.817,-0.445,-66.347
1747510856.46,-0.001,-0.090,-0.048,-0.309,0.013,0.008,-13.179,-0.429,-66.342
1747510856.48,0.003,-0.088,-0.040,-0.289,0.014,0.008,-13.521,-0.412,-66.337
1747510856.50,0.000,-0.094,-0.054,-0.275,0.013,0.005,-13.846,-0.397,-66.332
1747510856.52,-0.002,-0.085,-0.038,-0.255,0.011,0.005,-14.149,-0.383,-66.328
1747510856.54,-0.004,-0.088,-0.043,-0.239,0.008,0.005,-14.432,-0.370,-66.324
1747510856.56,0.001,-0.093,-0.050,-0.218,0.009,0.005,-14.693,-0.360,-66.320
1747510856.58,0.008,-0.085,-0.045,-0.198,0.009,0.006,-14.932,-0.348,-66.315
1747510856.60,0.002,-0.086,-0.038,-0.178,0.011,0.005,-15.147,-0.333,-66.310
1747510856.62,-0.005,-0.085,-0.044,-0.159,0.006,0.002,-15.327,-0.320,-66.304
1747510856.64,-0.006,-0.084,-0.041,-0.137,0.007,0.002,-15.483,-0.309,-66.301
1747510856.66,0.007,-0.079,-0.036,-0.113,0.012,0.005,-15.611,-0.298,-66.298
1747510856.68,0.007,-0.081,-0.041,-0.091,0.009,0.006,-15.715,-0.282,-66.293
1747510856.70,-0.001,-0.075,-0.036,-0.069,0.005,0.003,-15.792,-0.269,-66.288
1747510856.72,-0.005,-0.069,-0.029,-0.046,0.001,0.001,-15.840,-0.266,-66.286
1747510856.74,-0.002,-0.069,-0.031,-0.023,0.006,0.001,-15.862,-0.264,-66.286
1747510856.76,0.007,-0.067,-0.027,0.003,0.004,0.000,-15.855,-0.259,-66.284
1747510856.79,0.010,-0.063,-0.028,0.026,0.005,0.003,-15.820,-0.252,-66.280
1747510856.80,-0.001,-0.058,-0.025,0.052,0.001,0.002,-15.757,-0.248,-66.278
1747510856.82,-0.009,-0.049,-0.012,0.075,0.006,-0.002,-15.664,-0.249,-66.278
1747510856.84,0.006,-0.053,-0.018,0.099,0.005,-0.000,-15.543,-0.240,-66.277
1747510856.86,0.008,-0.048,-0.017,0.121,0.006,0.003,-15.394,-0.230,-66.274
1747510856.88,0.001,-0.042,-0.013,0.147,-0.001,0.001,-15.220,-0.225,-66.272
1747510856.90,-0.003,-0.031,0.000,0.167,0.011,-0.000,-15.023,-0.222,-66.272
1747510856.92,0.004,-0.026,0.004,0.194,0.007,-0.002,-14.803,-0.209,-66.272
1747510856.94,0.006,-0.023,-0.001,0.213,0.016,0.001,-14.556,-0.194,-66.272
1747510856.96,0.003,-0.016,0.011,0.234,0.011,-0.001,-14.290,-0.181,-66.271
1747510856.98,0.001,-0.015,0.009,0.254,0.006,-0.000,-14.003,-0.173,-66.272
1747510857.00,0.003,-0.007,0.016,0.275,-0.003,-0.001,-13.697,-0.172,-66.272
1747510857.02,0.007,-0.004,0.016,0.294,0.001,-0.003,-13.370,-0.169,-66.270
1747510857.04,-0.000,0.000,0.026,0.310,0.000,0.001,-13.027,-0.165,-66.271
1747510857.06,0.001,0.009,0.030,0.326,0.004,-0.003,-12.666,-0.162,-66.272
1747510857.08,0.012,0.014,0.031,0.342,-0.013,0.001,-12.286,-0.166,-66.272
1747510857.10,0.008,0.020,0.037,0.356,-0.013,-0.002,-11.887,-0.183,-66.271
1747510857.12,-0.003,0.024,0.042,0.368,-0.013,-0.002,-11.471,-0.199,-66.271
1747510857.14,0.005,0.034,0.047,0.376,-0.003,0.000,-11.044,-0.209,-66.271
1747510857.16,0.012,0.045,0.049,0.390,0.001,-0.004,-10.606,-0.214,-66.271
1747510857.18,0.003,0.042,0.050,0.399,0.008,-0.006,-10.158,-0.207,-66.271
1747510857.20,0.004,0.044,0.051,0.410,-0.005,-0.001,-9.697,-0.204,-66.272
1747510857.22,0.007,0.047,0.048,0.417,-0.010,-0.000,-9.225,-0.214,-66.272
1747510857.24,0.008,0.054,0.051,0.423,-0.008,-0.000,-8.745,-0.223,-66.271
1747510857.26,0.004,0.062,0.053,0.428,-0.005,-0.001,-8.257,-0.230,-66.271
1747510857.28,0.005,0.068,0.055,0.435,-0.005,0.001,-7.763,-0.236,-66.271
1747510857.30,0.006,0.080,0.054,0.435,-0.001,-0.003,-7.267,-0.243,-66.271
1747510857.32,0.008,0.077,0.054,0.442,-0.006,-0.002,-6.766,-0.249,-66.271
1747510857.34,0.010,0.081,0.052,0.443,-0.013,-0.002,-6.261,-0.258,-66.269
1747510857.36,0.006,0.092,0.050,0.443,-0.011,-0.002,-5.755,-0.273,-66.269
1747510857.38,0.001,0.087,0.049,0.445,-0.011,-0.001,-5.246,-0.285,-66.270
1747510857.40,0.012,0.093,0.046,0.447,-0.007,-0.001,-4.737,-0.296,-66.268
1747510857.42,0.013,0.092,0.042,0.446,-0.008,-0.000,-4.229,-0.305,-66.265
1747510857.44,0.001,0.099,0.042,0.443,-0.009,-0.001,-3.721,-0.313,-66.264
1747510857.46,0.004,0.099,0.038,0.443,-0.010,-0.002,-3.215,-0.322,-66.264
1747510857.48,0.012,0.102,0.034,0.440,-0.011,-0.001,-2.711,-0.335,-66.263
1747510857.50,0.012,0.102,0.028,0.440,-0.016,-0.002,-2.208,-0.351,-66.261
1747510857.52,0.008,0.103,0.027,0.435,-0.021,0.001,-1.709,-0.371,-66.258
1747510857.54,0.007,0.102,0.024,0.432,-0.019,0.001,-1.213,-0.392,-66.255
1747510857.56,0.008,0.103,0.024,0.430,-0.013,-0.002,-0.721,-0.410,-66.252
1747510857.58,0.007,0.105,0.018,0.427,-0.009,-0.002,-0.233,-0.423,-66.248
1747510857.60,0.001,0.103,0.014,0.418,-0.008,-0.002,0.250,-0.435,-66.246
1747510857.62,0.009,0.097,0.014,0.420,-0.011,0.002,0.728,-0.444,-66.244
1747510857.64,0.016,0.103,0.001,0.412,-0.014,-0.000,1.201,-0.462,-66.241
1747510857.66,-0.001,0.098,0.008,0.402,-0.005,-0.000,1.667,-0.481,-66.237
1747510857.68,0.010,0.098,0.011,0.402,-0.008,-0.000,2.129,-0.492,-66.234
1747510857.70,0.019,0.094,-0.002,0.394,-0.012,0.003,2.583,-0.505,-66.228
1747510857.72,-0.009,0.100,0.008,0.390,-0.005,0.000,3.030,-0.512,-66.224
1747510857.74,0.005,0.093,-0.001,0.383,-0.009,-0.001,3.472,-0.516,-66.221
1747510857.76,0.023,0.089,-0.009,0.376,-0.008,0.000,3.905,-0.531,-66.218
1747510857.78,-0.003,0.092,-0.002,0.371,-0.013,-0.002,4.331,-0.545,-66.213
1747510857.80,0.001,0.092,-0.010,0.360,-0.022,-0.000,4.747,-0.565,-66.210
1747510857.82,0.016,0.087,-0.009,0.353,-0.021,0.002,5.154,-0.588,-66.206
1747510857.84,0.006,0.086,-0.006,0.345,-0.017,0.001,5.553,-0.609,-66.200
1747510857.86,0.000,0.084,-0.010,0.334,-0.012,-0.001,5.941,-0.626,-66.197
1747510857.88,0.008,0.082,-0.006,0.327,-0.003,0.000,6.319,-0.636,-66.194
1747510857.90,0.016,0.076,-0.013,0.320,-0.007,0.001,6.688,-0.641,-66.189
1747510857.92,0.001,0.080,-0.012,0.309,-0.011,-0.000,7.046,-0.650,-66.186
1747510857.94,-0.003,0.077,-0.013,0.295,-0.014,-0.002,7.391,-0.666,-66.183
1747510857.96,0.019,0.070,-0.019,0.289,-0.015,0.000,7.726,-0.687,-66.179
1747510857.98,0.007,0.077,-0.008,0.278,-0.013,0.001,8.050,-0.704,-66.175
1747510858.00,-0.006,0.064,-0.021,0.265,-0.015,-0.001,8.360,-0.721,-66.174
1747510858.02,0.015,0.069,-0.018,0.256,-0.012,0.003,8.660,-0.738,-66.170
1747510858.04,0.013,0.069,-0.014,0.244,-0.014,0.001,8.946,-0.756,-66.164
1747510858.06,-0.003,0.067,-0.017,0.233,-0.015,-0.002,9.220,-0.771,-66.161
1747510858.08,0.003,0.064,-0.018,0.223,-0.012,-0.001,9.480,-0.788,-66.159
1747510858.10,0.008,0.062,-0.017,0.212,-0.003,0.001,9.713,-0.796,-66.157
1747510858.12,0.007,0.068,-0.017,0.197,-0.009,-0.003,9.916,-0.800,-66.154
1747510858.14,0.002,0.049,-0.027,0.183,-0.008,0.000,10.103,-0.810,-66.152
1747510858.16,0.012,0.059,-0.016,0.173,-0.004,0.000,10.277,-0.815,-66.150
1747510858.18,0.006,0.062,-0.017,0.159,-0.005,-0.000,10.439,-0.815,-66.148
1747510858.20,-0.002,0.051,-0.027,0.145,-0.009,-0.002,10.584,-0.821,-66.147
1747510858.22,0.011,0.046,-0.027,0.133,-0.012,0.000,10.723,-0.833,-66.144
1747510858.24,0.009,0.061,-0.016,0.119,-0.014,0.001,10.847,-0.845,-66.141
1747510858.26,-0.002,0.046,-0.028,0.103,-0.010,-0.002,10.955,-0.856,-66.140
1747510858.28,0.009,0.036,-0.029,0.091,-0.011,-0.002,11.051,-0.868,-66.139
1747510858.30,0.005,0.048,-0.026,0.075,-0.003,-0.002,11.133,-0.875,-66.138
1747510858.32,-0.001,0.044,-0.028,0.061,-0.008,-0.001,11.196,-0.879,-66.138
1747510858.34,0.015,0.026,-0.034,0.045,-0.004,0.003,11.245,-0.884,-66.136
1747510858.36,0.009,0.034,-0.033,0.029,-0.007,-0.002,11.280,-0.891,-66.133
1747510858.38,-0.008,0.033,-0.033,0.014,-0.007,-0.003,11.299,-0.899,-66.133
1747510858.40,0.003,0.027,-0.033,-0.001,-0.007,0.002,11.300,-0.906,-66.134
1747510858.42,0.012,0.019,-0.039,-0.017,-0.007,0.001,11.287,-0.912,-66.132
1747510858.44,0.000,0.016,-0.043,-0.031,-0.005,0.002,11.255,-0.915,-66.132
1747510858.46,0.012,0.012,-0.041,-0.047,-0.006,0.003,11.207,-0.920,-66.130
1747510858.48,0.009,0.015,-0.023,-0.061,0.005,0.001,11.142,-0.920,-66.127
1747510858.50,-0.004,0.002,-0.056,-0.079,0.010,-0.001,11.060,-0.921,-66.127
1747510858.52,-0.006,0.007,-0.037,-0.093,-0.002,0.001,10.962,-0.916,-66.129
1747510858.54,0.016,-0.000,-0.054,-0.108,0.001,0.005,10.845,-0.916,-66.128
1747510858.56,0.005,-0.020,-0.060,-0.120,-0.010,0.006,10.715,-0.927,-66.126
1747510858.58,-0.005,-0.002,-0.041,-0.132,-0.005,-0.001,10.569,-0.938,-66.126
1747510858.60,0.015,-0.016,-0.058,-0.147,-0.015,0.003,10.408,-0.951,-66.125
1747510858.62,-0.004,-0.005,-0.038,-0.170,0.016,0.004,10.231,-0.956,-66.124
1747510858.64,-0.001,-0.024,-0.051,-0.178,0.019,0.002,10.033,-0.938,-66.125
1747510858.65,0.005,-0.011,-0.057,-0.189,0.008,0.002,9.824,-0.927,-66.127
1747510858.67,0.002,-0.023,-0.055,-0.203,0.004,0.004,9.600,-0.921,-66.127
1747510858.69,0.011,-0.031,-0.059,-0.212,-0.001,0.006,9.362,-0.924,-66.126
1747510858.71,0.004,-0.018,-0.042,-0.227,0.000,0.006,9.111,-0.928,-66.125
1747510858.73,-0.002,-0.029,-0.053,-0.238,0.007,0.002,8.847,-0.927,-66.125
1747510858.75,-0.004,-0.018,-0.046,-0.252,0.002,0.002,8.567,-0.921,-66.126
1747510858.77,0.007,-0.043,-0.051,-0.264,0.006,0.004,8.274,-0.914,-66.128
1747510858.79,0.014,-0.027,-0.062,-0.271,0.002,0.006,7.970,-0.913,-66.128
1747510858.81,0.001,-0.031,-0.054,-0.284,-0.001,0.006,7.652,-0.915,-66.127
1747510858.83,-0.007,-0.043,-0.052,-0.295,-0.002,-0.002,7.323,-0.918,-66.128
1747510858.85,0.003,-0.038,-0.047,-0.307,0.011,0.007,6.980,-0.913,-66.130
1747510858.87,0.012,-0.032,-0.053,-0.317,0.008,0.004,6.623,-0.904,-66.129
1747510858.89,-0.008,-0.040,-0.052,-0.326,-0.000,0.003,6.255,-0.897,-66.130
1747510858.91,0.006,-0.057,-0.055,-0.336,0.001,0.006,5.875,-0.896,-66.132
1747510858.93,0.020,-0.039,-0.057,-0.348,0.003,0.007,5.484,-0.894,-66.130
1747510858.95,-0.002,-0.046,-0.047,-0.357,0.009,0.004,5.082,-0.883,-66.127
1747510858.97,-0.017,-0.061,-0.056,-0.365,0.012,0.004,4.670,-0.874,-66.128
1747510858.99,-0.001,-0.053,-0.052,-0.373,0.019,0.003,4.249,-0.858,-66.131
1747510859.01,0.029,-0.057,-0.046,-0.378,0.023,0.013,3.821,-0.829,-66.128
1747510859.03,0.009,-0.061,-0.061,-0.380,0.009,0.013,3.389,-0.822,-66.120
1747510859.05,-0.028,-0.068,-0.048,-0.388,0.009,0.005,2.950,-0.817,-66.117
1747510859.07,-0.008,-0.050,-0.042,-0.391,0.005,0.002,2.505,-0.807,-66.120
1747510859.09,0.014,-0.071,-0.055,-0.391,0.006,0.006,2.058,-0.804,-66.121
1747510859.11,0.011,-0.074,-0.049,-0.395,0.005,0.011,1.607,-0.799,-66.116
1747510859.13,0.011,-0.063,-0.048,-0.394,-0.011,0.011,1.154,-0.800,-66.111
1747510859.15,-0.014,-0.068,-0.047,-0.398,0.002,0.005,0.703,-0.814,-66.108
1747510859.17,-0.008,-0.065,-0.043,-0.404,0.005,0.005,0.242,-0.808,-66.109
1747510859.19,0.015,-0.071,-0.044,-0.401,0.010,0.005,-0.217,-0.800,-66.108
1747510859.21,0.001,-0.062,-0.042,-0.404,0.007,0.008,-0.676,-0.790,-66.105
1747510859.23,-0.006,-0.076,-0.046,-0.407,0.014,0.006,-1.139,-0.779,-66.105
1747510859.25,0.007,-0.063,-0.042,-0.405,0.019,0.007,-1.603,-0.765,-66.105
1747510859.27,0.006,-0.074,-0.043,-0.401,0.032,0.011,-2.064,-0.743,-66.101
1747510859.29,0.007,-0.063,-0.033,-0.402,0.045,0.007,-2.521,-0.700,-66.098
1747510859.31,-0.003,-0.066,-0.044,-0.394,0.011,0.008,-2.973,-0.687,-66.094
1747510859.33,-0.017,-0.067,-0.040,-0.389,0.005,0.005,-3.422,-0.679,-66.093
1747510859.35,0.027,-0.067,-0.037,-0.385,0.008,0.010,-3.865,-0.672,-66.089
1747510859.37,0.026,-0.071,-0.041,-0.380,0.011,0.018,-4.302,-0.662,-66.076
1747510859.39,-0.013,-0.064,-0.028,-0.371,0.016,0.009,-4.731,-0.646,-66.066
1747510859.41,-0.017,-0.064,-0.027,-0.364,0.013,0.007,-5.154,-0.626,-66.060
1747510859.43,-0.004,-0.057,-0.032,-0.356,0.005,0.004,-5.567,-0.615,-66.058
1747510859.45,0.007,-0.064,-0.036,-0.352,-0.004,0.009,-5.971,-0.613,-66.054
1747510859.47,0.022,-0.061,-0.038,-0.343,-0.003,0.011,-6.368,-0.618,-66.046
1747510859.49,0.011,-0.056,-0.032,-0.336,0.000,0.014,-6.756,-0.618,-66.035
1747510859.51,-0.012,-0.053,-0.023,-0.332,0.003,0.010,-7.139,-0.613,-66.025
1747510859.53,-0.017,-0.054,-0.025,-0.329,0.022,0.007,-7.515,-0.595,-66.021
1747510859.55,0.006,-0.051,-0.030,-0.321,0.028,0.012,-7.886,-0.566,-66.015
1747510859.57,0.018,-0.052,-0.033,-0.317,0.026,0.010,-8.251,-0.529,-66.006
1747510859.59,0.002,-0.050,-0.038,-0.307,0.010,0.010,-8.607,-0.507,-65.996
1747510859.61,-0.012,-0.046,-0.037,-0.301,-0.002,0.004,-8.955,-0.506,-65.991
1747510859.63,-0.015,-0.047,-0.027,-0.297,-0.001,0.001,-9.297,-0.508,-65.992
1747510859.65,0.003,-0.050,-0.032,-0.295,0.014,0.007,-9.635,-0.499,-65.990
1747510859.67,0.023,-0.051,-0.038,-0.287,0.021,0.009,-9.968,-0.478,-65.985
1747510859.69,0.009,-0.050,-0.042,-0.285,0.007,0.011,-10.295,-0.460,-65.975
1747510859.71,-0.011,-0.049,-0.040,-0.280,-0.005,0.007,-10.617,-0.457,-65.969
1747510859.73,-0.009,-0.049,-0.038,-0.275,-0.000,0.002,-10.935,-0.459,-65.966
1747510859.75,0.005,-0.054,-0.042,-0.269,0.004,0.006,-11.246,-0.460,-65.963
1747510859.77,0.014,-0.052,-0.036,-0.263,0.011,0.008,-11.552,-0.446,-65.957
1747510859.79,-0.001,-0.052,-0.038,-0.261,0.014,0.006,-11.853,-0.430,-65.951
1747510859.81,-0.012,-0.057,-0.051,-0.257,0.007,0.005,-12.150,-0.414,-65.948
1747510859.83,0.006,-0.056,-0.044,-0.252,0.007,0.008,-12.442,-0.404,-65.944
1747510859.85,0.015,-0.057,-0.045,-0.243,0.013,0.010,-12.726,-0.392,-65.937
1747510859.87,-0.001,-0.061,-0.044,-0.239,0.007,0.006,-13.003,-0.380,-65.929
1747510859.89,-0.013,-0.063,-0.044,-0.232,0.011,0.003,-13.265,-0.369,-65.926
1747510859.91,-0.002,-0.063,-0.048,-0.223,0.010,0.004,-13.519,-0.360,-65.924
1747510859.93,0.011,-0.065,-0.049,-0.218,0.006,0.005,-13.764,-0.349,-65.921
1747510859.95,0.008,-0.070,-0.054,-0.208,0.003,0.004,-14.002,-0.342,-65.916
1747510859.97,-0.002,-0.070,-0.050,-0.200,0.004,0.006,-14.230,-0.333,-65.910
1747510859.99,-0.007,-0.067,-0.045,-0.189,0.004,0.004,-14.445,-0.327,-65.906
1747510860.01,-0.004,-0.074,-0.052,-0.180,0.000,0.001,-14.650,-0.323,-65.903
1747510860.03,0.007,-0.078,-0.053,-0.169,0.005,0.005,-14.842,-0.315,-65.900
1747510860.05,0.013,-0.074,-0.057,-0.156,0.008,0.008,-15.020,-0.305,-65.893
1747510860.07,-0.001,-0.075,-0.049,-0.143,0.007,0.002,-15.184,-0.294,-65.887
1747510860.09,-0.013,-0.078,-0.051,-0.130,0.009,0.002,-15.333,-0.286,-65.885
1747510860.11,-0.004,-0.078,-0.054,-0.114,0.011,0.001,-15.465,-0.276,-65.885
1747510860.13,0.008,-0.077,-0.045,-0.098,0.009,0.002,-15.579,-0.259,-65.881
1747510860.15,0.007,-0.080,-0.053,-0.079,0.010,0.003,-15.671,-0.247,-65.878
1747510860.17,0.000,-0.082,-0.054,-0.059,-0.007,0.004,-15.741,-0.248,-65.875
1747510860.19,-0.003,-0.079,-0.044,-0.037,-0.008,0.002,-15.786,-0.256,-65.873
1747510860.21,-0.001,-0.075,-0.041,-0.017,0.005,0.004,-15.808,-0.258,-65.870
1747510860.23,-0.002,-0.075,-0.038,0.006,-0.001,0.002,-15.805,-0.258,-65.868
1747510860.25,-0.003,-0.077,-0.038,0.029,-0.006,0.000,-15.779,-0.251,-65.869
1747510860.27,0.006,-0.070,-0.041,0.050,0.006,-0.000,-15.726,-0.254,-65.868
1747510860.29,0.014,-0.068,-0.038,0.072,0.005,0.002,-15.646,-0.249,-65.865
1747510860.31,-0.007,-0.063,-0.025,0.097,0.009,0.002,-15.538,-0.243,-65.861
1747510860.33,-0.013,-0.056,-0.016,0.118,0.005,-0.001,-15.404,-0.233,-65.861
1747510860.35,0.002,-0.050,-0.022,0.147,0.001,-0.002,-15.239,-0.231,-65.864
1747510860.37,0.016,-0.057,-0.024,0.166,0.003,0.003,-15.044,-0.226,-65.862
1747510860.39,0.013,-0.051,-0.017,0.195,0.006,0.004,-14.821,-0.217,-65.857
1747510860.41,-0.003,-0.031,0.001,0.218,0.003,-0.002,-14.571,-0.215,-65.856
1747510860.43,-0.016,-0.025,0.007,0.240,0.003,-0.002,-14.296,-0.213,-65.858
1747510860.45,0.002,-0.025,0.009,0.264,-0.004,-0.004,-13.991,-0.207,-65.859
1747510860.47,0.021,-0.021,0.006,0.286,0.002,-0.000,-13.663,-0.199,-65.857
1747510860.49,0.005,-0.010,0.014,0.305,-0.007,-0.001,-13.320,-0.201,-65.856
1747510860.51,-0.005,-0.004,0.023,0.325,-0.004,-0.002,-12.960,-0.216,-65.857
1747510860.53,0.005,-0.000,0.028,0.343,-0.001,0.003,-12.579,-0.218,-65.858
1747510860.55,0.010,0.009,0.034,0.362,-0.002,0.000,-12.176,-0.219,-65.856
1747510860.57,-0.006,0.018,0.042,0.377,-0.007,-0.003,-11.756,-0.221,-65.856
1747510860.59,0.003,0.023,0.041,0.392,-0.008,-0.001,-11.316,-0.231,-65.858
1747510860.61,0.021,0.023,0.043,0.405,-0.002,0.005,-10.860,-0.236,-65.858
1747510860.63,0.010,0.035,0.051,0.419,-0.000,-0.001,-10.390,-0.237,-65.855
1747510860.65,-0.009,0.041,0.060,0.433,-0.002,-0.003,-9.905,-0.239,-65.854
1747510860.67,0.003,0.043,0.059,0.444,-0.005,-0.002,-9.406,-0.243,-65.855
1747510860.69,0.012,0.055,0.061,0.454,-0.007,-0.002,-8.893,-0.244,-65.855
1747510860.71,0.010,0.061,0.060,0.461,0.000,0.001,-8.372,-0.246,-65.854
1747510860.73,0.006,0.065,0.060,0.470,0.005,-0.003,-7.840,-0.245,-65.852
1747510860.75,0.002,0.079,0.065,0.474,-0.001,-0.003,-7.302,-0.245,-65.852
1747510860.77,0.002,0.085,0.062,0.479,-0.008,-0.003,-6.757,-0.252,-65.853
1747510860.79,0.012,0.087,0.061,0.485,-0.020,-0.002,-6.206,-0.265,-65.854
1747510860.81,0.013,0.094,0.062,0.489,-0.021,-0.000,-5.651,-0.286,-65.854
1747510860.83,0.008,0.102,0.060,0.490,-0.017,0.001,-5.091,-0.309,-65.851
1747510860.85,0.013,0.108,0.058,0.493,-0.018,-0.000,-4.529,-0.329,-65.849
1747510860.87,0.002,0.110,0.056,0.494,-0.019,-0.000,-3.966,-0.345,-65.846
1747510860.89,-0.001,0.116,0.055,0.495,-0.013,-0.001,-3.403,-0.363,-65.844
1747510860.91,0.021,0.112,0.044,0.494,-0.017,0.002,-2.839,-0.379,-65.841
1747510860.93,0.015,0.120,0.045,0.492,-0.018,-0.001,-2.276,-0.400,-65.835
1747510860.95,-0.007,0.122,0.048,0.489,-0.014,-0.005,-1.713,-0.416,-65.832
1747510860.97,0.009,0.127,0.038,0.490,-0.009,-0.003,-1.155,-0.429,-65.831
1747510860.99,0.017,0.125,0.038,0.488,-0.016,0.001,-0.596,-0.441,-65.827
1747510861.01,0.002,0.130,0.036,0.485,-0.013,-0.001,-0.040,-0.456,-65.823
1747510861.03,0.016,0.135,0.030,0.486,-0.025,-0.003,0.513,-0.478,-65.820
1747510861.05,0.011,0.127,0.022,0.477,-0.027,-0.004,1.064,-0.507,-65.816
1747510861.07,0.004,0.136,0.020,0.478,-0.031,-0.000,1.609,-0.539,-65.812
1747510861.09,0.009,0.126,0.014,0.463,-0.009,-0.001,2.150,-0.575,-65.807
1747510861.11,0.011,0.132,0.007,0.462,-0.027,0.000,2.679,-0.599,-65.804
1747510861.13,0.008,0.125,0.016,0.451,-0.013,-0.002,3.201,-0.620,-65.801
1747510861.15,0.011,0.128,0.013,0.445,-0.011,-0.001,3.712,-0.627,-65.796
1747510861.17,0.010,0.126,0.001,0.438,-0.015,0.000,4.217,-0.641,-65.791
1747510861.19,0.002,0.124,0.006,0.427,-0.004,-0.001,4.713,-0.658,-65.786
1747510861.21,0.004,0.120,0.004,0.417,-0.002,0.000,5.193,-0.655,-65.783
1747510861.23,0.014,0.121,-0.013,0.406,-0.009,-0.000,5.663,-0.659,-65.778
1747510861.25,0.011,0.117,-0.008,0.392,-0.015,-0.001,6.120,-0.673,-65.774
1747510861.27,0.017,0.113,-0.005,0.385,-0.019,0.002,6.565,-0.691,-65.766
1747510861.29,0.007,0.112,-0.012,0.371,-0.019,0.001,6.997,-0.714,-65.761
1747510861.31,-0.012,0.113,-0.005,0.359,-0.011,-0.005,7.414,-0.733,-65.758
1747510861.33,0.010,0.108,-0.006,0.345,-0.007,-0.002,7.815,-0.743,-65.756
1747510861.35,0.023,0.102,-0.014,0.330,-0.012,0.000,8.201,-0.754,-65.751
1747510861.37,0.002,0.098,-0.022,0.312,-0.016,-0.002,8.567,-0.772,-65.746
1747510861.39,0.004,0.098,-0.013,0.295,-0.010,-0.001,8.915,-0.788,-65.742
1747510861.41,0.016,0.096,-0.014,0.280,-0.011,0.000,9.245,-0.799,-65.738
1747510861.43,-0.002,0.092,-0.021,0.262,-0.011,-0.002,9.555,-0.811,-65.735
1747510861.45,0.003,0.088,-0.021,0.244,-0.008,-0.002,9.845,-0.819,-65.733
1747510861.47,0.024,0.085,-0.020,0.227,-0.003,0.005,10.114,-0.824,-65.728
1747510861.49,0.006,0.081,-0.025,0.208,-0.009,-0.000,10.363,-0.830,-65.723
1747510861.51,-0.009,0.076,-0.028,0.189,-0.010,-0.006,10.589,-0.841,-65.722
1747510861.53,0.011,0.073,-0.026,0.168,-0.010,-0.001,10.756,-0.853,-65.722
1747510861.55,0.019,0.076,-0.029,0.151,-0.018,0.002,10.900,-0.861,-65.720
1747510861.57,-0.001,0.065,-0.035,0.132,-0.011,0.001,11.031,-0.875,-65.717
1747510861.59,0.003,0.050,-0.034,0.108,-0.004,-0.001,11.145,-0.883,-65.716
1747510861.61,0.018,0.065,-0.030,0.088,-0.001,0.002,11.241,-0.887,-65.713
1747510861.63,-0.006,0.057,-0.035,0.066,-0.000,-0.002,11.314,-0.884,-65.712
1747510861.65,-0.003,0.041,-0.042,0.046,-0.002,-0.004,11.366,-0.885,-65.716
1747510861.67,0.024,0.047,-0.047,0.025,0.006,-0.407,11.406,-0.848,-65.858
1747510861.68,-0.007,0.208,-0.044,-0.005,-0.013,-0.441,11.421,-0.730,-66.456
1747510861.71,0.009,-0.131,-0.045,-0.020,-0.010,-0.003,11.411,-0.698,-66.688
1747510861.72,0.001,0.014,-0.050,-0.041,-0.001,-0.001,11.376,-0.705,-66.689
1747510861.75,0.011,0.025,-0.050,-0.061,0.004,0.001,11.317,-0.703,-66.688
1747510861.77,0.003,0.021,-0.050,-0.083,-0.001,0.002,11.229,-0.701,-66.687
1747510861.78,-0.006,0.003,-0.061,-0.101,-0.020,0.003,11.124,-0.699,-66.687
1747510861.80,0.025,0.003,-0.066,-0.120,-0.026,0.003,10.995,-0.718,-66.684
1747510861.82,-0.007,0.012,-0.062,-0.146,-0.000,0.003,10.840,-0.731,-66.683
1747510861.84,-0.000,-0.001,-0.046,-0.168,-0.006,0.004,10.661,-0.733,-66.684
1747510861.86,0.012,-0.011,-0.067,-0.186,-0.010,0.003,10.458,-0.736,-66.684
1747510861.88,-0.002,-0.010,-0.070,-0.202,-0.003,0.003,10.236,-0.744,-66.683
1747510861.90,0.003,-0.010,-0.070,-0.228,0.005,0.005,9.991,-0.746,-66.683
1747510861.92,0.008,-0.027,-0.063,-0.241,-0.007,0.005,9.725,-0.749,-66.682
1747510861.94,-0.002,-0.033,-0.063,-0.258,-0.003,0.002,9.439,-0.751,-66.682
1747510861.96,0.007,-0.030,-0.070,-0.278,0.001,0.007,9.132,-0.752,-66.682
1747510861.98,0.015,-0.027,-0.068,-0.296,-0.002,0.004,8.804,-0.751,-66.681
1747510862.00,-0.012,-0.042,-0.069,-0.314,-0.005,0.002,8.457,-0.753,-66.682
1747510862.02,-0.000,-0.049,-0.072,-0.329,-0.006,0.003,8.091,-0.758,-66.684
1747510862.04,0.015,-0.038,-0.070,-0.345,0.002,0.007,7.705,-0.758,-66.685
1747510862.06,0.003,-0.048,-0.074,-0.361,-0.005,0.005,7.301,-0.763,-66.683
1747510862.08,-0.005,-0.055,-0.063,-0.378,-0.011,0.004,6.879,-0.767,-66.684
1747510862.10,0.001,-0.046,-0.067,-0.393,0.003,0.003,6.439,-0.772,-66.685
1747510862.12,0.010,-0.062,-0.075,-0.408,0.003,0.006,5.981,-0.773,-66.685
1747510862.14,0.011,-0.064,-0.069,-0.424,0.004,0.007,5.506,-0.768,-66.684
1747510862.16,0.000,-0.066,-0.073,-0.436,-0.001,0.005,5.017,-0.771,-66.682
1747510862.18,-0.010,-0.069,-0.068,-0.447,-0.003,0.004,4.515,-0.774,-66.684
1747510862.20,0.009,-0.069,-0.069,-0.461,-0.000,0.007,3.996,-0.773,-66.686
1747510862.22,0.017,-0.077,-0.070,-0.470,0.003,0.010,3.465,-0.771,-66.683
1747510862.24,-0.008,-0.076,-0.068,-0.482,0.006,0.008,2.920,-0.766,-66.680
1747510862.26,-0.009,-0.083,-0.072,-0.492,-0.007,0.003,2.366,-0.767,-66.682
1747510862.28,0.005,-0.086,-0.068,-0.498,-0.002,0.006,1.800,-0.774,-66.685
1747510862.30,0.019,-0.092,-0.065,-0.507,0.000,0.013,1.225,-0.775,-66.682
1747510862.32,0.016,-0.092,-0.069,-0.513,0.009,0.014,0.642,-0.770,-66.676
1747510862.34,-0.019,-0.090,-0.060,-0.520,0.002,0.004,0.052,-0.762,-66.674
1747510862.36,-0.020,-0.099,-0.064,-0.521,0.001,0.004,-0.541,-0.759,-66.676
1747510862.38,0.018,-0.099,-0.074,-0.526,-0.002,0.011,-1.138,-0.761,-66.676
1747510862.40,0.029,-0.104,-0.060,-0.524,0.000,0.014,-1.736,-0.759,-66.669
1747510862.42,-0.003,-0.100,-0.064,-0.528,0.001,0.011,-2.335,-0.758,-66.662
1747510862.44,-0.027,-0.102,-0.061,-0.522,-0.004,0.004,-2.936,-0.758,-66.662
1747510862.46,-0.005,-0.103,-0.051,-0.525,0.004,0.006,-3.536,-0.755,-66.663
1747510862.48,0.028,-0.106,-0.070,-0.518,0.007,0.014,-4.132,-0.748,-66.660
1747510862.50,0.015,-0.107,-0.059,-0.516,0.008,0.014,-4.722,-0.738,-66.652
1747510862.52,-0.013,-0.103,-0.056,-0.507,-0.002,0.009,-5.308,-0.733,-66.646
1747510862.54,-0.018,-0.103,-0.061,-0.503,-0.008,0.005,-5.885,-0.743,-66.647
1747510862.56,0.012,-0.104,-0.049,-0.493,0.006,0.011,-6.454,-0.745,-66.645
1747510862.58,0.023,-0.106,-0.056,-0.486,0.011,0.013,-7.015,-0.733,-66.638
1747510862.60,0.000,-0.104,-0.052,-0.477,0.003,0.012,-7.565,-0.723,-66.632
1747510862.62,-0.010,-0.102,-0.053,-0.466,0.001,0.008,-8.103,-0.719,-66.627
1747510862.64,0.000,-0.102,-0.055,-0.454,0.003,0.009,-8.629,-0.716,-66.624
1747510862.66,0.005,-0.101,-0.046,-0.443,0.001,0.012,-9.142,-0.712,-66.619
1747510862.68,0.006,-0.101,-0.052,-0.433,0.002,0.011,-9.642,-0.708,-66.612
1747510862.70,0.008,-0.100,-0.051,-0.418,0.005,0.014,-10.129,-0.701,-66.605
1747510862.72,0.004,-0.101,-0.053,-0.406,0.008,0.015,-10.601,-0.691,-66.595
1747510862.74,0.002,-0.096,-0.043,-0.395,0.011,0.012,-11.058,-0.675,-66.586
1747510862.76,-0.003,-0.099,-0.055,-0.379,0.010,0.010,-11.499,-0.662,-66.580
1747510862.78,0.005,-0.098,-0.050,-0.365,0.008,0.014,-11.924,-0.650,-66.572
1747510862.80,0.003,-0.097,-0.053,-0.350,0.005,0.010,-12.333,-0.642,-66.564
1747510862.82,-0.010,-0.100,-0.056,-0.337,0.006,0.006,-12.725,-0.636,-66.560
1747510862.84,0.000,-0.102,-0.055,-0.318,0.007,0.005,-13.099,-0.629,-66.557
1747510862.86,0.008,-0.101,-0.053,-0.304,0.008,0.006,-13.454,-0.623,-66.553
1747510862.88,0.002,-0.103,-0.052,-0.283,0.010,0.008,-13.790,-0.613,-66.547
1747510862.90,0.003,-0.106,-0.062,-0.269,0.006,0.006,-14.105,-0.605,-66.543
1747510862.92,-0.002,-0.104,-0.055,-0.246,0.004,0.004,-14.398,-0.601,-66.540
1747510862.94,-0.007,-0.105,-0.047,-0.226,0.005,0.005,-14.669,-0.594,-66.538
1747510862.96,0.004,-0.108,-0.060,-0.202,0.002,0.002,-14.914,-0.591,-66.538
1747510862.98,0.006,-0.107,-0.053,-0.181,0.008,0.006,-15.132,-0.585,-66.536
1747510863.00,0.004,-0.101,-0.046,-0.158,0.006,0.004,-15.314,-0.576,-66.533
1747510863.02,0.001,-0.103,-0.051,-0.129,0.004,0.001,-15.465,-0.567,-66.530
1747510863.04,-0.002,-0.107,-0.054,-0.103,0.007,0.001,-15.587,-0.561,-66.528
1747510863.06,0.003,-0.090,-0.041,-0.075,0.008,0.000,-15.676,-0.553,-66.527
1747510863.08,-0.001,-0.092,-0.036,-0.047,0.006,-0.001,-15.730,-0.546,-66.526
1747510863.10,-0.000,-0.101,-0.048,-0.016,0.002,0.000,-15.752,-0.543,-66.526
1747510863.12,0.011,-0.090,-0.040,0.011,0.011,0.002,-15.739,-0.537,-66.524
1747510863.14,0.006,-0.077,-0.023,0.045,0.009,0.003,-15.689,-0.524,-66.521
1747510863.16,-0.009,-0.080,-0.030,0.077,0.004,-0.002,-15.602,-0.514,-66.518
1747510863.18,0.001,-0.056,-0.023,0.109,-0.003,0.001,-15.475,-0.514,-66.517
1747510863.20,0.020,-0.021,0.038,0.137,0.003,0.003,-15.307,-0.502,-66.511
1747510863.22,-0.011,-0.066,-0.029,0.163,0.008,-0.001,-15.110,-0.493,-66.508
1747510863.24,-0.005,-0.059,-0.017,0.197,0.006,-0.003,-14.879,-0.492,-66.509
1747510863.26,0.023,-0.040,-0.004,0.225,0.007,0.003,-14.616,-0.488,-66.508
1747510863.28,0.005,-0.001,0.040,0.251,0.010,0.002,-14.346,-0.469,-66.501
1747510863.30,-0.006,-0.029,0.003,0.276,-0.003,-0.004,-14.033,-0.466,-66.500
1747510863.32,-0.008,-0.030,0.009,0.304,0.001,-0.003,-13.687,-0.470,-66.502
1747510863.34,0.026,0.008,0.038,0.325,0.010,-0.000,-13.321,-0.456,-66.498
1747510863.36,0.007,-0.003,0.031,0.348,0.003,0.000,-12.943,-0.444,-66.493
1747510863.38,-0.016,0.009,0.036,0.368,0.003,-0.005,-12.537,-0.440,-66.494
1747510863.40,0.011,0.012,0.043,0.388,0.001,0.001,-12.106,-0.433,-66.494
1747510863.42,0.023,0.041,0.061,0.403,0.012,0.001,-11.655,-0.423,-66.488
1747510863.44,-0.009,0.028,0.049,0.420,0.004,-0.002,-11.186,-0.414,-66.487
1747510863.46,0.001,0.032,0.054,0.438,0.000,-0.002,-10.697,-0.411,-66.486
1747510863.48,0.020,0.064,0.073,0.446,0.004,-0.000,-10.194,-0.405,-66.485
1747510863.50,-0.002,0.047,0.060,0.458,0.001,0.000,-9.676,-0.400,-66.482
1747510863.52,-0.002,0.062,0.066,0.470,0.007,-0.000,-9.146,-0.394,-66.481
1747510863.54,0.014,0.080,0.074,0.479,-0.000,-0.002,-8.605,-0.388,-66.479
1747510863.56,0.007,0.081,0.073,0.488,-0.002,-0.004,-8.053,-0.386,-66.478
1747510863.58,0.004,0.088,0.071,0.496,-0.005,-0.003,-7.494,-0.388,-66.478
1747510863.60,0.014,0.093,0.070,0.496,-0.004,-0.001,-6.929,-0.394,-66.475
1747510863.62,0.002,0.105,0.078,0.498,0.002,0.002,-6.359,-0.395,-66.472
1747510863.64,0.002,0.105,0.070,0.501,-0.001,-0.001,-5.787,-0.394,-66.470
1747510863.66,0.011,0.109,0.065,0.505,-0.001,0.003,-5.212,-0.397,-66.468
1747510863.68,0.006,0.119,0.062,0.506,-0.004,-0.002,-4.635,-0.399,-66.465
1747510863.70,0.010,0.116,0.061,0.506,-0.005,0.000,-4.056,-0.404,-66.462
1747510863.72,0.009,0.128,0.056,0.506,-0.009,0.002,-3.478,-0.409,-66.457
1747510863.74,-0.001,0.129,0.053,0.501,-0.004,-0.003,-2.903,-0.416,-66.454
1747510863.76,0.008,0.133,0.050,0.502,-0.003,0.001,-2.329,-0.419,-66.451
1747510863.78,0.013,0.130,0.041,0.495,-0.010,-0.003,-1.759,-0.426,-66.447
1747510863.80,0.001,0.133,0.040,0.499,-0.004,0.001,-1.190,-0.436,-66.444
1747510863.82,0.012,0.135,0.034,0.494,-0.013,0.001,-0.624,-0.445,-66.440
1747510863.84,0.012,0.134,0.032,0.491,-0.002,0.002,-0.064,-0.455,-66.434
1747510863.86,-0.006,0.141,0.032,0.479,0.006,-0.004,0.493,-0.461,-66.431
1747510863.88,-0.007,0.126,0.023,0.476,0.018,-0.002,1.041,-0.464,-66.430
1747510863.90,0.034,0.135,0.002,0.474,-0.016,0.003,1.585,-0.472,-66.426
1747510863.92,0.007,0.127,0.012,0.468,-0.018,0.001,2.121,-0.487,-66.421
1747510863.94,-0.006,0.135,0.020,0.455,-0.006,-0.001,2.649,-0.494,-66.417
1747510863.96,0.016,0.121,0.002,0.446,-0.002,0.002,3.165,-0.503,-66.413
1747510863.98,-0.006,0.132,0.005,0.441,0.001,-0.005,3.674,-0.507,-66.411
1747510864.00,0.003,0.122,0.006,0.435,-0.012,0.001,4.172,-0.507,-66.409
1747510864.02,0.031,0.115,-0.018,0.425,-0.014,0.003,4.660,-0.522,-66.403
1747510864.04,0.000,0.117,-0.003,0.415,-0.009,-0.000,5.137,-0.539,-66.397
1747510864.06,-0.003,0.117,-0.004,0.399,-0.001,0.002,5.600,-0.546,-66.391
1747510864.08,0.005,0.111,-0.008,0.389,-0.009,-0.002,6.051,-0.555,-66.388
1747510864.10,-0.005,0.106,-0.003,0.374,-0.001,0.000,6.487,-0.558,-66.386
1747510864.12,0.020,0.103,-0.015,0.361,-0.007,0.004,6.907,-0.562,-66.382
1747510864.14,0.016,0.101,-0.025,0.352,-0.009,0.000,7.314,-0.575,-66.376
1747510864.16,-0.009,0.094,-0.014,0.334,-0.008,-0.004,7.704,-0.585,-66.372
1747510864.18,0.005,0.093,-0.006,0.320,-0.004,0.002,8.077,-0.589,-66.369
1747510864.20,0.011,0.089,-0.024,0.307,-0.008,-0.000,8.434,-0.595,-66.366
1747510864.22,-0.001,0.081,-0.027,0.287,-0.006,-0.001,8.772,-0.603,-66.365
1747510864.24,0.014,0.080,-0.018,0.276,-0.009,0.002,9.093,-0.612,-66.361
1747510864.26,0.014,0.081,-0.021,0.259,-0.009,0.003,9.397,-0.624,-66.354
1747510864.28,-0.007,0.071,-0.028,0.241,-0.007,-0.004,9.682,-0.634,-66.351
1747510864.30,0.003,0.068,-0.023,0.226,-0.001,-0.002,9.947,-0.639,-66.352
1747510864.32,0.012,0.067,-0.023,0.210,-0.009,0.001,10.194,-0.644,-66.348
1747510864.34,0.001,0.064,-0.028,0.190,-0.004,-0.002,10.424,-0.651,-66.346
1747510864.36,0.009,0.051,-0.037,0.173,-0.007,0.002,10.608,-0.663,-66.344
1747510864.38,0.007,0.051,-0.030,0.157,-0.004,0.000,10.777,-0.670,-66.340
1747510864.40,-0.003,0.053,-0.027,0.141,-0.002,-0.003,10.929,-0.673,-66.339
1747510864.42,0.006,0.033,-0.037,0.125,-0.004,0.001,11.065,-0.677,-66.338
1747510864.44,0.011,0.037,-0.033,0.108,-0.004,0.001,11.186,-0.679,-66.336
1747510864.46,0.007,0.046,-0.034,0.092,-0.010,-0.001,11.291,-0.683,-66.333
1747510864.48,0.003,0.042,-0.035,0.075,-0.007,-0.001,11.377,-0.694,-66.331
1747510864.50,0.007,0.034,-0.034,0.057,-0.007,0.002,11.446,-0.703,-66.329
1747510864.52,0.006,0.026,-0.040,0.043,-0.009,-0.001,11.498,-0.707,-66.328
1747510864.54,0.001,0.036,-0.036,0.029,0.000,0.000,11.533,-0.710,-66.328
1747510864.56,0.002,0.025,-0.038,0.008,0.004,-0.002,11.549,-0.715,-66.329
1747510864.58,0.006,0.011,-0.048,-0.005,-0.009,0.002,11.547,-0.723,-66.328
1747510864.60,0.022,0.019,-0.044,-0.020,-0.015,0.006,11.531,-0.735,-66.325
1747510864.62,0.001,0.018,-0.033,-0.040,-0.002,0.000,11.493,-0.743,-66.323
1747510864.64,-0.010,0.007,-0.048,-0.053,-0.006,-0.001,11.436,-0.739,-66.324
1747510864.66,0.008,0.012,-0.051,-0.067,0.004,0.000,11.368,-0.737,-66.323
1747510864.68,-0.001,0.003,-0.042,-0.083,0.004,0.002,11.280,-0.733,-66.324
1747510864.70,0.021,0.004,-0.045,-0.094,-0.013,0.001,11.176,-0.734,-66.325
1747510864.72,0.010,0.000,-0.063,-0.111,-0.016,0.003,11.058,-0.752,-66.321
1747510864.73,-0.013,-0.006,-0.043,-0.125,-0.000,0.001,10.923,-0.759,-66.321
1747510864.76,0.002,-0.003,-0.041,-0.140,-0.000,0.002,10.771,-0.760,-66.322
1747510864.77,0.012,-0.007,-0.049,-0.155,-0.002,0.000,10.605,-0.758,-66.322
1747510864.79,-0.002,-0.011,-0.052,-0.166,0.004,0.000,10.422,-0.757,-66.322
1747510864.81,0.010,-0.019,-0.060,-0.180,-0.006,0.005,10.225,-0.761,-66.321
1747510864.83,0.014,-0.014,-0.042,-0.192,-0.009,0.005,10.014,-0.766,-66.318
1747510864.86,-0.002,-0.023,-0.049,-0.203,0.010,0.002,9.788,-0.767,-66.318
1747510864.87,0.002,-0.029,-0.059,-0.214,0.004,0.000,9.550,-0.768,-66.318
1747510864.89,0.000,-0.022,-0.046,-0.227,-0.004,0.003,9.299,-0.767,-66.320
1747510864.91,0.007,-0.032,-0.054,-0.238,-0.002,0.001,9.034,-0.767,-66.320
1747510864.93,0.008,-0.022,-0.052,-0.251,-0.006,0.004,8.757,-0.772,-66.320
1747510864.95,0.002,-0.039,-0.059,-0.259,-0.003,0.004,8.469,-0.780,-66.319
1747510864.97,0.007,-0.041,-0.050,-0.269,-0.002,0.005,8.169,-0.782,-66.317
1747510864.99,0.003,-0.027,-0.042,-0.277,0.001,0.006,7.857,-0.779,-66.316
1747510865.01,-0.004,-0.041,-0.058,-0.289,0.001,-0.001,7.535,-0.780,-66.318
1747510865.03,0.001,-0.041,-0.055,-0.296,0.000,0.005,7.202,-0.782,-66.319
1747510865.05,0.021,-0.050,-0.054,-0.305,-0.003,0.009,6.859,-0.784,-66.318
1747510865.07,0.005,-0.041,-0.041,-0.310,-0.003,0.005,6.509,-0.787,-66.314
1747510865.09,-0.011,-0.049,-0.053,-0.319,-0.001,0.002,6.148,-0.790,-66.314
1747510865.11,0.000,-0.052,-0.054,-0.325,-0.002,0.003,5.780,-0.794,-66.316
1747510865.13,0.016,-0.050,-0.040,-0.331,0.002,0.009,5.406,-0.788,-66.314
1747510865.15,0.015,-0.063,-0.048,-0.332,0.006,0.011,5.027,-0.784,-66.308
1747510865.17,-0.009,-0.048,-0.053,-0.338,0.003,0.004,4.643,-0.784,-66.305
1747510865.19,-0.006,-0.049,-0.041,-0.343,0.004,0.004,4.256,-0.784,-66.304
1747510865.21,0.017,-0.058,-0.040,-0.344,0.007,0.011,3.862,-0.779,-66.301
1747510865.23,0.010,-0.056,-0.040,-0.345,0.009,0.010,3.469,-0.773,-66.295
1747510865.25,-0.005,-0.057,-0.047,-0.349,0.001,0.005,3.073,-0.769,-66.292
1747510865.27,-0.012,-0.051,-0.038,-0.347,-0.001,0.002,2.676,-0.769,-66.293
1747510865.29,0.004,-0.057,-0.042,-0.348,-0.009,0.003,2.279,-0.774,-66.296
1747510865.31,0.019,-0.058,-0.041,-0.348,-0.003,0.009,1.881,-0.779,-66.295
1747510865.33,0.010,-0.052,-0.041,-0.343,-0.010,0.007,1.485,-0.784,-66.290
1747510865.35,-0.007,-0.054,-0.027,-0.349,0.004,0.002,1.087,-0.782,-66.289
1747510865.37,-0.003,-0.056,-0.034,-0.350,0.004,0.006,0.686,-0.779,-66.288
1747510865.39,0.014,-0.049,-0.044,-0.347,0.003,0.008,0.288,-0.774,-66.285
1747510865.41,0.009,-0.059,-0.033,-0.348,-0.003,0.009,-0.107,-0.773,-66.279
1747510865.43,-0.004,-0.049,-0.030,-0.343,-0.006,0.004,-0.499,-0.775,-66.278
1747510865.45,-0.001,-0.051,-0.035,-0.340,-0.003,0.004,-0.888,-0.778,-66.278
1747510865.47,0.008,-0.049,-0.033,-0.337,0.001,0.006,-1.275,-0.778,-66.277
1747510865.49,0.014,-0.054,-0.030,-0.334,0.003,0.009,-1.658,-0.775,-66.274
1747510865.51,0.007,-0.046,-0.034,-0.329,0.004,0.009,-2.037,-0.769,-66.270
1747510865.53,-0.003,-0.051,-0.027,-0.326,0.003,0.011,-2.414,-0.763,-66.264
1747510865.55,0.006,-0.044,-0.036,-0.323,0.003,0.009,-2.786,-0.761,-66.259
1747510865.57,0.006,-0.046,-0.031,-0.318,0.002,0.010,-3.151,-0.757,-66.254
1747510865.59,0.009,-0.046,-0.021,-0.312,0.003,0.009,-3.510,-0.753,-66.247
1747510865.61,-0.002,-0.041,-0.028,-0.306,0.008,0.007,-3.866,-0.748,-66.242
1747510865.63,-0.008,-0.046,-0.027,-0.304,0.002,0.006,-4.217,-0.742,-66.239
1747510865.65,0.023,-0.041,-0.025,-0.300,0.002,0.008,-4.561,-0.738,-66.233
1747510865.67,0.011,-0.041,-0.026,-0.293,0.009,0.010,-4.899,-0.731,-66.224
1747510865.69,-0.004,-0.037,-0.020,-0.287,0.008,0.008,-5.230,-0.723,-66.215
1747510865.71,-0.003,-0.036,-0.026,-0.279,0.005,0.007,-5.554,-0.719,-66.211
1747510865.73,-0.007,-0.033,-0.017,-0.272,0.005,0.003,-5.871,-0.715,-66.209
1747510865.75,0.015,-0.035,-0.023,-0.268,0.004,0.009,-6.182,-0.710,-66.204
1747510865.77,0.017,-0.034,-0.024,-0.263,0.005,0.011,-6.485,-0.704,-66.197
1747510865.79,-0.006,-0.029,-0.021,-0.261,0.001,0.007,-6.783,-0.697,-66.191
1747510865.81,-0.010,-0.030,-0.023,-0.255,-0.002,0.004,-7.078,-0.697,-66.190
1747510865.83,-0.000,-0.028,-0.018,-0.247,0.004,0.002,-7.367,-0.695,-66.192
1747510865.85,0.012,-0.029,-0.031,-0.247,0.001,0.005,-7.650,-0.695,-66.191
1747510865.87,0.016,-0.029,-0.016,-0.237,0.002,0.007,-7.923,-0.692,-66.188
1747510865.89,-0.001,-0.029,-0.034,-0.236,-0.000,0.005,-8.186,-0.695,-66.185
1747510865.91,-0.003,-0.025,-0.015,-0.240,0.002,0.006,-8.448,-0.692,-66.184
1747510865.93,0.023,-0.025,-0.034,-0.232,0.009,0.009,-8.707,-0.684,-66.179
1747510865.95,0.002,-0.028,-0.016,-0.230,0.003,0.005,-8.961,-0.670,-66.173
1747510865.97,-0.012,-0.024,-0.032,-0.226,-0.003,0.003,-9.215,-0.668,-66.171
1747510865.99,0.008,-0.027,-0.032,-0.225,-0.004,0.006,-9.466,-0.673,-66.171
1747510866.01,0.020,-0.026,-0.026,-0.224,0.007,0.009,-9.716,-0.665,-66.164
1747510866.03,0.009,-0.028,-0.029,-0.221,0.006,0.011,-9.962,-0.653,-66.156
1747510866.05,-0.014,-0.023,-0.032,-0.222,-0.001,0.004,-10.208,-0.646,-66.152
1747510866.07,-0.018,-0.029,-0.025,-0.219,-0.007,0.000,-10.452,-0.642,-66.153
1747510866.09,0.022,-0.031,-0.042,-0.216,0.004,0.006,-10.697,-0.643,-66.152
1747510866.11,0.029,-0.032,-0.034,-0.215,0.008,0.011,-10.938,-0.636,-66.145
1747510866.13,-0.002,-0.030,-0.037,-0.216,0.005,0.007,-11.179,-0.631,-66.137
1747510866.15,-0.024,-0.031,-0.032,-0.214,-0.001,-0.001,-11.419,-0.631,-66.136
1747510866.17,-0.005,-0.036,-0.041,-0.215,-0.003,0.003,-11.656,-0.630,-66.137
1747510866.19,0.029,-0.036,-0.040,-0.209,0.008,0.007,-11.893,-0.621,-66.134
1747510866.21,0.020,-0.039,-0.047,-0.208,0.003,0.009,-12.126,-0.611,-66.126
1747510866.23,-0.014,-0.039,-0.040,-0.208,-0.003,0.005,-12.357,-0.611,-66.122
1747510866.25,-0.021,-0.042,-0.044,-0.204,-0.000,-0.001,-12.588,-0.615,-66.122
1747510866.27,0.009,-0.043,-0.039,-0.203,0.003,0.004,-12.815,-0.612,-66.123
1747510866.29,0.027,-0.049,-0.050,-0.196,0.010,0.008,-13.038,-0.602,-66.118
1747510866.31,0.011,-0.049,-0.051,-0.194,0.006,0.005,-13.258,-0.592,-66.112
1747510866.33,-0.016,-0.049,-0.041,-0.192,-0.001,0.001,-13.473,-0.590,-66.110
1747510866.35,-0.012,-0.052,-0.052,-0.186,-0.002,0.001,-13.682,-0.596,-66.112
1747510866.37,0.014,-0.059,-0.051,-0.177,0.003,0.004,-13.885,-0.595,-66.112
1747510866.39,0.022,-0.058,-0.043,-0.170,0.011,0.008,-14.079,-0.586,-66.106
1747510866.41,-0.000,-0.060,-0.058,-0.164,0.005,0.005,-14.264,-0.578,-66.101
1747510866.43,-0.016,-0.060,-0.046,-0.157,-0.003,-0.003,-14.442,-0.576,-66.101
1747510866.45,-0.003,-0.062,-0.050,-0.145,0.001,-0.000,-14.609,-0.578,-66.103
1747510866.47,0.019,-0.064,-0.052,-0.135,0.003,0.004,-14.764,-0.572,-66.102
1747510866.49,0.012,-0.070,-0.051,-0.121,0.004,0.006,-14.904,-0.563,-66.096
1747510866.51,-0.005,-0.070,-0.058,-0.112,0.001,0.003,-15.032,-0.560,-66.092
1747510866.53,-0.010,-0.061,-0.039,-0.099,0.002,0.001,-15.144,-0.559,-66.093
1747510866.55,0.003,-0.070,-0.051,-0.080,0.003,-0.002,-15.239,-0.556,-66.093
1747510866.57,0.009,-0.074,-0.051,-0.066,0.004,0.005,-15.314,-0.548,-66.090
1747510866.59,0.009,-0.067,-0.046,-0.048,0.004,0.004,-15.371,-0.540,-66.087
1747510866.61,0.001,-0.064,-0.044,-0.031,0.001,-0.001,-15.407,-0.538,-66.085
1747510866.63,-0.008,-0.069,-0.042,-0.013,0.002,0.001,-15.424,-0.537,-66.086
1747510866.65,0.004,-0.065,-0.041,0.011,0.004,0.002,-15.416,-0.534,-66.087
1747510866.67,0.012,-0.059,-0.030,0.031,0.004,0.003,-15.384,-0.525,-66.085
1747510866.69,0.004,-0.065,-0.042,0.051,0.006,0.001,-15.328,-0.517,-66.082
1747510866.71,-0.006,-0.055,-0.030,0.074,0.001,-0.002,-15.246,-0.514,-66.082
1747510866.73,0.005,-0.048,-0.024,0.098,0.003,-0.002,-15.138,-0.511,-66.082
1747510866.75,0.008,-0.049,-0.023,0.118,0.001,0.001,-15.005,-0.506,-66.082
1747510866.77,0.005,-0.045,-0.018,0.143,0.008,0.000,-14.843,-0.497,-66.081
1747510866.79,-0.001,-0.044,-0.017,0.165,0.012,-0.001,-14.653,-0.490,-66.080
1747510866.81,0.003,-0.034,-0.012,0.186,0.007,-0.003,-14.440,-0.480,-66.078
1747510866.83,0.010,-0.025,-0.001,0.209,0.009,0.003,-14.199,-0.466,-66.075
1747510866.85,0.004,-0.024,0.004,0.230,0.010,-0.000,-13.934,-0.448,-66.072
1747510866.87,-0.001,-0.022,0.002,0.252,0.002,-0.001,-13.645,-0.446,-66.071
1747510866.89,0.004,-0.009,0.010,0.272,-0.003,-0.002,-13.338,-0.448,-66.070
1747510866.91,0.008,-0.005,0.014,0.291,0.000,-0.001,-13.013,-0.447,-66.070
1747510866.93,0.005,-0.002,0.019,0.309,0.002,-0.001,-12.668,-0.446,-66.068
1747510866.95,0.007,0.000,0.022,0.328,0.003,0.000,-12.302,-0.442,-66.065
1747510866.97,0.006,0.013,0.034,0.342,0.007,0.001,-11.919,-0.435,-66.063
1747510866.99,-0.004,0.026,0.039,0.359,0.008,-0.002,-11.517,-0.427,-66.061
1747510867.01,-0.002,0.025,0.038,0.373,-0.001,-0.003,-11.100,-0.426,-66.062
1747510867.03,0.015,0.028,0.040,0.390,0.002,0.002,-10.664,-0.425,-66.061
1747510867.05,0.015,0.038,0.047,0.399,0.001,-0.001,-10.213,-0.419,-66.057
1747510867.07,-0.003,0.045,0.053,0.413,0.003,-0.004,-9.748,-0.417,-66.056
1747510867.09,-0.003,0.053,0.059,0.423,0.000,-0.003,-9.274,-0.416,-66.055
1747510867.11,0.012,0.058,0.055,0.430,0.004,-0.003,-8.787,-0.415,-66.055
1747510867.13,0.012,0.062,0.057,0.440,0.001,0.000,-8.290,-0.411,-66.051
1747510867.15,0.007,0.069,0.057,0.446,-0.000,-0.000,-7.784,-0.408,-66.048
1747510867.17,-0.001,0.079,0.062,0.450,-0.004,-0.002,-7.271,-0.410,-66.047
1747510867.19,0.002,0.083,0.062,0.455,-0.002,-0.002,-6.755,-0.413,-66.045
1747510867.21,0.014,0.087,0.057,0.459,-0.003,0.000,-6.234,-0.417,-66.042
1747510867.23,0.007,0.090,0.061,0.463,0.000,-0.002,-5.707,-0.417,-66.038
1747510867.25,-0.001,0.101,0.057,0.464,-0.001,-0.002,-5.177,-0.416,-66.035
1747510867.27,0.005,0.105,0.054,0.465,-0.004,-0.003,-4.646,-0.421,-66.034
1747510867.29,0.010,0.099,0.053,0.468,-0.002,-0.001,-4.114,-0.426,-66.031
1747510867.31,0.019,0.114,0.048,0.467,-0.004,0.001,-3.579,-0.429,-66.026
1747510867.33,-0.003,0.110,0.049,0.469,-0.003,0.001,-3.045,-0.434,-66.022
1747510867.35,-0.004,0.115,0.050,0.469,0.004,-0.002,-2.510,-0.431,-66.020
1747510867.37,0.018,0.115,0.037,0.467,0.001,0.001,-1.975,-0.428,-66.017
1747510867.39,0.006,0.117,0.035,0.465,-0.004,-0.001,-1.441,-0.430,-66.013
1747510867.41,0.005,0.116,0.035,0.467,-0.010,0.001,-0.909,-0.436,-66.011
1747510867.43,0.018,0.119,0.029,0.463,-0.006,0.001,-0.379,-0.445,-66.006
1747510867.45,-0.005,0.123,0.029,0.463,0.001,-0.001,0.150,-0.449,-66.002
1747510867.47,-0.003,0.125,0.026,0.457,-0.000,-0.001,0.675,-0.448,-66.001
1747510867.49,0.017,0.123,0.018,0.456,-0.005,0.002,1.195,-0.448,-65.997
1747510867.51,0.013,0.123,0.015,0.452,-0.005,-0.000,1.714,-0.456,-65.994
1747510867.53,0.005,0.134,0.023,0.448,-0.024,-0.000,2.226,-0.468,-65.989
1747510867.55,-0.003,0.120,0.020,0.440,-0.010,-0.002,2.734,-0.478,-65.988
1747510867.57,0.009,0.128,0.003,0.434,0.000,0.001,3.235,-0.491,-65.986
1747510867.59,0.013,0.118,0.009,0.433,-0.010,0.002,3.732,-0.505,-65.980
1747510867.61,0.008,0.123,-0.002,0.427,-0.011,0.002,4.220,-0.516,-65.974
1747510867.63,0.005,0.120,0.006,0.413,-0.008,0.001,4.699,-0.526,-65.969
1747510867.65,-0.008,0.120,0.005,0.407,-0.002,-0.002,5.167,-0.531,-65.967
1747510867.67,0.000,0.118,-0.004,0.397,-0.004,-0.005,5.626,-0.535,-65.965
1747510867.69,0.025,0.114,-0.012,0.391,-0.020,0.002,6.075,-0.549,-65.962
1747510867.71,0.020,0.111,-0.008,0.381,-0.014,0.005,6.515,-0.566,-65.955
1747510867.73,-0.005,0.113,-0.006,0.364,-0.008,-0.000,6.941,-0.580,-65.949
1747510867.75,-0.011,0.111,-0.004,0.356,0.000,-0.004,7.354,-0.588,-65.947
1747510867.77,0.005,0.109,-0.004,0.342,0.002,-0.002,7.753,-0.590,-65.945
1747510867.79,0.017,0.104,-0.018,0.333,-0.004,-0.001,8.138,-0.593,-65.942
1747510867.81,0.012,0.106,-0.014,0.320,-0.010,0.001,8.513,-0.601,-65.937
1747510867.82,0.006,0.098,-0.019,0.304,-0.006,-0.001,8.869,-0.613,-65.933
1747510867.84,-0.003,0.097,-0.010,0.287,0.001,-0.002,9.208,-0.618,-65.930
1747510867.86,0.002,0.098,-0.013,0.277,-0.003,-0.002,9.530,-0.619,-65.928
1747510867.88,0.009,0.095,-0.020,0.259,-0.008,-0.000,9.835,-0.625,-65.926
1747510867.90,0.015,0.086,-0.026,0.243,-0.010,0.001,10.122,-0.635,-65.922
1747510867.92,0.007,0.091,-0.018,0.228,-0.017,0.001,10.391,-0.650,-65.916
1747510867.94,-0.003,0.084,-0.021,0.207,-0.007,-0.001,10.640,-0.664,-65.912
1747510867.96,0.003,0.079,-0.025,0.190,-0.005,-0.001,10.866,-0.670,-65.911
1747510867.98,0.009,0.083,-0.027,0.174,0.001,0.000,11.035,-0.668,-65.911
1747510868.00,0.006,0.071,-0.030,0.155,-0.005,-0.000,11.180,-0.668,-65.910
1747510868.02,0.011,0.069,-0.030,0.139,-0.002,0.000,11.309,-0.672,-65.907
1747510868.04,0.005,0.066,-0.032,0.116,-0.001,-0.000,11.427,-0.677,-65.905
1747510868.06,-0.003,0.066,-0.031,0.098,-0.001,-0.003,11.523,-0.678,-65.906
1747510868.08,0.005,0.054,-0.035,0.079,-0.004,-0.002,11.602,-0.680,-65.906
1747510868.10,0.010,0.052,-0.035,0.057,-0.006,0.001,11.662,-0.680,-65.905
1747510868.12,0.004,0.051,-0.045,0.038,-0.007,0.002,11.703,-0.685,-65.903
1747510868.14,0.007,0.041,-0.047,0.019,0.001,0.003,11.725,-0.694,-65.902
1747510868.16,0.009,0.040,-0.041,-0.003,-0.006,0.002,11.725,-0.699,-65.899
1747510868.18,-0.001,0.035,-0.043,-0.022,-0.004,0.001,11.704,-0.702,-65.896
1747510868.20,-0.003,0.035,-0.039,-0.045,0.008,0.001,11.661,-0.701,-65.898
1747510868.22,0.020,0.017,-0.063,-0.065,0.004,0.003,11.593,-0.701,-65.897
1747510868.24,0.005,0.025,-0.043,-0.079,-0.012,0.003,11.508,-0.703,-65.893
1747510868.26,-0.005,-0.002,-0.061,-0.100,-0.009,-0.000,11.401,-0.706,-65.894
1747510868.28,0.015,-0.005,-0.063,-0.119,-0.003,0.007,11.274,-0.711,-65.892
1747510868.30,0.001,0.012,-0.051,-0.139,-0.001,0.002,11.126,-0.713,-65.888
1747510868.32,-0.008,-0.017,-0.064,-0.155,-0.009,-0.000,10.957,-0.716,-65.889
1747510868.34,0.013,-0.005,-0.053,-0.174,0.003,0.006,10.768,-0.716,-65.889
1747510868.36,0.016,-0.015,-0.066,-0.188,-0.003,0.007,10.562,-0.720,-65.887
1747510868.38,-0.013,-0.015,-0.062,-0.208,-0.007,0.002,10.336,-0.726,-65.887
1747510868.40,0.004,-0.024,-0.062,-0.223,-0.001,0.003,10.092,-0.729,-65.888
1747510868.42,0.016,-0.028,-0.064,-0.237,0.001,0.007,9.829,-0.732,-65.885
1747510868.44,-0.012,-0.022,-0.056,-0.250,-0.001,0.000,9.551,-0.731,-65.884
1747510868.46,0.001,-0.035,-0.069,-0.266,0.000,0.004,9.256,-0.735,-65.887
1747510868.48,0.015,-0.039,-0.060,-0.278,-0.006,0.008,8.946,-0.738,-65.887
1747510868.50,0.006,-0.048,-0.061,-0.289,-0.001,0.003,8.623,-0.739,-65.885
1747510868.52,0.002,-0.039,-0.063,-0.304,0.002,0.006,8.284,-0.741,-65.883
1747510868.54,-0.000,-0.036,-0.059,-0.317,-0.001,0.003,7.931,-0.740,-65.882
1747510868.56,-0.004,-0.045,-0.062,-0.330,0.001,0.005,7.562,-0.739,-65.883
1747510868.58,0.005,-0.045,-0.059,-0.339,-0.000,0.007,7.179,-0.737,-65.883
1747510868.60,0.016,-0.054,-0.065,-0.349,-0.001,0.008,6.786,-0.739,-65.881
1747510868.62,-0.005,-0.053,-0.060,-0.359,-0.006,0.002,6.382,-0.744,-65.881
1747510868.64,-0.008,-0.057,-0.057,-0.365,-0.007,0.004,5.966,-0.747,-65.884
1747510868.66,0.010,-0.056,-0.062,-0.378,0.002,0.005,5.540,-0.750,-65.885
1747510868.68,0.012,-0.060,-0.058,-0.386,0.003,0.008,5.104,-0.747,-65.882
1747510868.70,0.001,-0.058,-0.056,-0.394,-0.002,0.006,4.660,-0.747,-65.878
1747510868.72,-0.009,-0.057,-0.052,-0.401,-0.002,0.005,4.208,-0.747,-65.879
1747510868.74,0.001,-0.061,-0.056,-0.407,0.001,0.006,3.745,-0.743,-65.879
1747510868.76,0.014,-0.061,-0.057,-0.412,-0.001,0.007,3.277,-0.744,-65.877
1747510868.78,0.008,-0.064,-0.055,-0.416,0.000,0.007,2.803,-0.744,-65.875
1747510868.80,-0.015,-0.062,-0.053,-0.422,-0.005,0.005,2.323,-0.746,-65.873
1747510868.82,-0.001,-0.071,-0.056,-0.424,0.001,0.008,1.838,-0.752,-65.874
1747510868.84,0.023,-0.063,-0.048,-0.432,0.005,0.011,1.348,-0.749,-65.872
1747510868.86,0.011,-0.066,-0.051,-0.433,0.009,0.012,0.854,-0.739,-65.866
1747510868.88,-0.021,-0.068,-0.051,-0.437,0.004,0.005,0.356,-0.731,-65.864
1747510868.90,-0.006,-0.068,-0.046,-0.437,0.009,0.007,-0.143,-0.725,-65.866
1747510868.92,0.021,-0.070,-0.051,-0.437,0.011,0.013,-0.642,-0.716,-65.863
1747510868.94,0.017,-0.073,-0.049,-0.439,0.005,0.014,-1.142,-0.708,-65.855
1747510868.96,-0.011,-0.068,-0.048,-0.439,-0.008,0.009,-1.642,-0.712,-65.850
1747510868.98,-0.017,-0.066,-0.047,-0.436,-0.009,0.003,-2.143,-0.724,-65.850
1747510869.00,0.013,-0.070,-0.036,-0.438,0.016,0.011,-2.644,-0.711,-65.850
1747510869.02,0.022,-0.072,-0.050,-0.431,0.017,0.008,-3.143,-0.681,-65.845
1747510869.04,-0.006,-0.068,-0.048,-0.426,-0.001,0.008,-3.635,-0.672,-65.841
1747510869.06,-0.009,-0.067,-0.038,-0.424,-0.001,0.006,-4.121,-0.669,-65.840
1747510869.08,0.009,-0.070,-0.046,-0.420,0.008,0.009,-4.602,-0.666,-65.836
1747510869.10,0.010,-0.070,-0.044,-0.416,0.014,0.011,-5.080,-0.659,-65.832
1747510869.12,0.001,-0.066,-0.033,-0.407,0.007,0.005,-5.549,-0.645,-65.827
1747510869.14,-0.008,-0.067,-0.047,-0.400,0.007,0.008,-6.010,-0.635,-65.823
1747510869.16,0.000,-0.066,-0.039,-0.395,0.009,0.004,-6.465,-0.617,-65.820
1747510869.18,0.009,-0.067,-0.038,-0.387,0.006,0.008,-6.912,-0.605,-65.819
1747510869.20,0.008,-0.063,-0.042,-0.382,0.005,0.009,-7.351,-0.597,-65.815
1747510869.22,-0.000,-0.061,-0.033,-0.374,-0.001,0.007,-7.782,-0.596,-65.811
1747510869.24,-0.009,-0.065,-0.034,-0.364,0.017,0.005,-8.203,-0.582,-65.809
1747510869.26,0.008,-0.061,-0.035,-0.354,0.005,0.006,-8.613,-0.568,-65.807
1747510869.28,0.009,-0.059,-0.033,-0.346,0.004,0.005,-9.014,-0.570,-65.804
1747510869.30,0.002,-0.061,-0.037,-0.340,-0.001,0.009,-9.405,-0.570,-65.799
1747510869.32,0.006,-0.056,-0.029,-0.328,-0.005,0.009,-9.785,-0.570,-65.793
1747510869.34,-0.005,-0.057,-0.035,-0.323,-0.004,0.005,-10.157,-0.574,-65.789
1747510869.36,-0.005,-0.057,-0.035,-0.313,-0.016,0.007,-10.519,-0.582,-65.787
1747510869.38,0.017,-0.055,-0.032,-0.301,-0.014,0.004,-10.871,-0.598,-65.784
1747510869.40,0.009,-0.054,-0.028,-0.290,-0.017,0.008,-11.210,-0.610,-65.779
1747510869.42,-0.007,-0.053,-0.030,-0.284,-0.016,0.004,-11.538,-0.625,-65.776
1747510869.44,-0.001,-0.050,-0.030,-0.272,-0.011,0.003,-11.854,-0.637,-65.776
1747510869.46,0.009,-0.048,-0.023,-0.260,-0.003,0.006,-12.157,-0.641,-65.775
1747510869.48,0.009,-0.052,-0.029,-0.244,0.007,0.006,-12.446,-0.638,-65.771
1747510869.50,0.000,-0.046,-0.029,-0.236,0.012,0.007,-12.723,-0.625,-65.767
1747510869.52,-0.001,-0.044,-0.025,-0.223,0.010,0.005,-12.986,-0.613,-65.764
1747510869.54,0.008,-0.042,-0.017,-0.213,0.004,0.007,-13.236,-0.603,-65.759
1747510869.56,0.007,-0.045,-0.028,-0.202,0.004,0.010,-13.454,-0.591,-65.752
1747510869.58,0.000,-0.042,-0.025,-0.202,-0.012,0.251,-13.661,-0.555,-65.665
1747510869.60,0.422,-0.075,-0.018,-0.198,0.005,0.299,-13.894,-0.484,-65.315
1747510869.62,-0.350,-0.030,-0.023,-0.172,0.000,0.027,-14.106,-0.439,-65.135
1747510869.64,0.070,-0.036,-0.025,-0.167,-0.023,0.097,-14.300,-0.430,-65.059
1747510869.66,-0.051,-0.006,-0.012,-0.152,-0.019,-0.036,-14.484,-0.443,-65.033
1747510869.68,-0.027,-0.020,-0.015,-0.146,-0.011,-0.080,-14.655,-0.477,-65.101
1747510869.70,0.016,-0.004,-0.029,-0.189,-0.000,-0.128,-14.833,-0.519,-65.225
1747510869.72,-0.009,0.002,-0.014,-0.216,-0.071,-0.237,-15.062,-0.603,-65.450
1747510869.74,-0.009,-0.011,-0.039,-0.276,-0.249,-0.219,-15.332,-0.855,-65.742
1747510869.76,0.025,-0.046,-0.069,-0.368,-0.387,-0.142,-15.691,-1.311,-65.959
1747510869.78,0.153,0.025,-0.029,-0.323,-0.390,-0.071,-16.083,-1.823,-66.098
1747510869.80,-0.021,-0.050,-0.057,-0.036,-0.626,-0.132,-16.304,-2.421,-66.209
1747510869.82,-0.030,-0.040,-0.159,0.463,-0.673,-0.076,-16.069,-3.182,-66.326
1747510869.84,0.089,0.059,-0.068,-0.166,-1.388,0.331,-15.672,-4.273,-66.205
1747510869.86,-0.160,-0.084,0.110,-0.510,-1.351,-0.116,-16.250,-5.949,-66.036
1747510869.88,-0.046,0.090,0.011,-0.021,-0.621,-0.282,-16.526,-7.226,-66.396
1747510869.90,0.116,-0.127,0.010,0.335,-0.419,-0.170,-16.266,-7.722,-66.594
1747510869.92,-0.011,-0.010,-0.039,0.439,-0.240,-0.171,-15.792,-8.164,-66.695
1747510869.94,0.051,0.001,0.014,0.514,-0.056,-0.514,-15.219,-8.397,-67.045
1747510869.96,0.009,0.008,-0.015,0.672,0.029,-0.036,-14.468,-8.443,-67.276
1747510869.98,0.100,-0.047,-0.018,0.605,0.019,-0.201,-13.737,-8.393,-67.215
1747510870.00,-0.068,-0.008,0.024,0.646,0.228,-0.614,-12.973,-8.349,-67.631
1747510870.02,0.022,0.023,0.034,0.639,0.240,-0.265,-12.147,-8.161,-68.098
1747510870.04,0.057,0.027,0.020,0.494,-0.034,0.179,-11.486,-8.072,-68.026
1747510870.06,0.005,0.012,0.131,-0.010,-0.590,0.222,-11.172,-8.137,-67.703
1747510870.08,-0.127,0.036,0.616,-1.938,-1.014,0.060,-12.358,-8.895,-67.681
1747510870.10,0.106,-0.059,0.194,-2.758,-1.380,0.265,-15.151,-10.380,-68.012
1747510870.12,0.071,0.057,-0.038,0.599,0.158,-0.375,-16.954,-10.799,-68.254
1747510870.14,0.364,-0.144,-0.551,-0.059,-0.164,0.491,-16.893,-11.459,-67.938
1747510870.16,-0.113,0.240,0.075,0.636,0.347,-0.166,-16.617,-11.114,-67.783
1747510870.18,-0.135,-0.084,-0.203,0.933,0.425,-0.057,-15.653,-10.680,-67.692
1747510870.20,0.023,0.078,0.001,0.836,0.636,-0.283,-14.603,-10.090,-67.707
1747510870.22,-0.059,0.023,0.090,0.527,0.316,-0.225,-13.781,-9.506,-67.886
1747510870.24,-0.058,0.009,-0.076,0.393,-0.267,0.065,-13.268,-9.537,-67.911
1747510870.26,0.057,0.091,-0.095,0.518,-0.232,0.137,-12.791,-9.823,-67.670
1747510870.28,-0.095,0.074,-0.096,0.467,0.053,0.018,-12.273,-9.797,-67.502
1747510870.30,-0.139,0.091,-0.167,0.497,0.138,0.261,-11.744,-9.620,-67.242
1747510870.32,-0.023,0.089,-0.184,0.467,0.346,0.365,-11.280,-9.285,-66.790
1747510870.34,-0.000,0.142,-0.118,0.644,0.378,0.322,-10.721,-8.700,-66.282
1747510870.36,-0.088,0.127,-0.192,0.641,-0.039,0.303,-10.023,-8.448,-65.828
1747510870.38,-0.078,0.151,-0.223,0.457,-0.287,0.587,-9.471,-8.505,-65.231
1747510870.40,-0.069,0.144,-0.247,0.376,-0.577,0.531,-9.120,-8.957,-64.474
1747510870.42,-0.108,0.184,-0.159,0.410,-0.076,0.305,-8.748,-9.230,-63.941
1747510870.44,-0.076,0.174,-0.243,0.418,-0.251,0.408,-8.348,-9.275,-63.484
1747510870.46,-0.048,0.155,-0.300,0.624,-0.674,0.627,-7.878,-9.792,-62.797
1747510870.48,-0.105,0.242,-0.140,0.802,-0.309,0.656,-7.182,-10.242,-61.901
1747510870.50,-0.128,0.231,-0.100,0.601,-0.273,0.617,-6.493,-10.410,-61.024
1747510870.52,-0.132,0.201,-0.093,0.243,-0.407,0.444,-6.139,-10.745,-60.332
1747510870.54,-0.080,0.157,-0.073,0.166,-0.305,0.389,-6.033,-11.090,-59.830
1747510870.56,-0.082,0.166,-0.058,0.267,-0.376,0.201,-5.854,-11.432,-59.431
1747510870.58,-0.119,0.126,-0.061,0.219,-0.499,0.168,-5.605,-11.889,-59.192
1747510870.60,-0.038,0.079,-0.077,0.050,-0.646,0.202,-5.496,-12.543,-58.937
1747510870.62,-0.010,0.054,-0.110,-0.057,-0.587,0.177,-5.564,-13.233,-58.733
1747510870.64,0.008,0.050,-0.102,-0.012,-0.399,0.129,-5.656,-13.774,-58.560
1747510870.66,-0.043,0.036,-0.068,0.027,-0.366,0.007,-5.653,-14.184,-58.496
1747510870.68,-0.053,-0.000,-0.080,-0.024,-0.664,0.117,-5.666,-14.745,-58.438
1747510870.70,0.053,-0.022,-0.091,-0.040,-0.885,0.184,-5.755,-15.649,-58.279
1747510870.72,0.066,-0.039,-0.060,-0.005,-0.809,0.112,-5.829,-16.633,-58.103
1747510870.74,-0.021,-0.009,-0.025,-0.023,-0.376,-0.152,-5.838,-17.310,-58.122
1747510870.76,0.010,-0.027,-0.020,-0.013,-0.172,-0.222,-5.788,-17.622,-58.368
1747510870.78,0.076,-0.027,-0.035,0.061,-0.285,-0.027,-5.725,-17.867,-58.502
1747510870.80,0.052,-0.013,-0.016,0.215,-0.616,0.170,-5.606,-18.369,-58.380
1747510870.82,0.052,0.041,0.048,0.332,-0.730,0.169,-5.373,-19.120,-58.048
1747510870.84,0.094,0.092,0.096,0.288,-0.603,-0.092,-5.040,-19.884,-57.898
1747510870.86,0.148,-0.025,0.090,0.145,-0.759,0.022,-4.777,-20.645,-57.886
1747510870.88,0.135,-0.015,0.089,0.106,-1.019,0.284,-4.720,-21.643,-57.670
1747510870.89,0.089,-0.015,0.100,0.108,-1.157,0.437,-4.763,-22.871,-57.224
1747510870.91,0.070,-0.025,0.120,0.012,-0.549,0.313,-4.873,-23.880,-56.769
1747510870.93,0.026,-0.013,0.146,-0.197,0.004,0.036,-5.042,-24.116,-56.644
1747510870.95,0.081,-0.038,0.078,-0.314,-0.142,0.039,-5.332,-24.174,-56.761
1747510870.97,0.088,-0.026,0.109,-0.215,-0.266,0.317,-5.697,-24.398,-56.711
1747510870.99,0.004,-0.020,0.134,-0.245,-0.267,0.281,-6.073,-24.727,-56.451
1747510871.01,-0.049,-0.015,0.170,-0.460,0.186,0.116,-6.528,-24.742,-56.439
1747510871.03,0.149,-0.151,-0.160,0.092,-0.413,0.523,-6.924,-24.929,-56.215
1747510871.05,0.113,-0.090,-0.259,1.135,-0.432,0.382,-6.553,-25.458,-55.370
1747510871.07,0.026,0.031,-0.009,1.810,0.432,-0.284,-4.994,-25.330,-54.588
1747510871.09,0.050,-0.035,0.096,1.853,0.348,-0.578,-2.847,-24.832,-54.146
1747510871.11,0.079,-0.099,-0.001,1.848,0.416,-0.731,-0.620,-24.390,-53.967
1747510871.13,0.180,-0.030,-0.071,1.826,0.983,-0.519,1.620,-23.636,-53.813
1747510871.15,0.100,-0.377,0.170,1.807,1.965,1.636,3.328,-21.879,-52.480
1747510871.17,0.245,-0.379,0.104,1.597,2.125,2.427,4.271,-19.755,-49.378
1747510871.19,-0.101,0.108,0.070,0.599,1.977,1.127,4.848,-17.545,-46.886
1747510871.21,-0.163,0.068,0.091,0.209,2.463,0.299,5.007,-15.083,-46.191
1747510871.23,-0.077,-0.111,0.093,0.199,2.313,0.657,5.131,-12.405,-45.614
1747510871.25,-0.051,0.045,0.137,-0.051,1.815,0.955,5.036,-10.101,-44.656
1747510871.27,-0.063,-0.026,0.206,-0.579,1.661,1.025,4.507,-8.187,-43.586
1747510871.29,-0.015,-0.037,0.098,-0.573,1.329,1.293,3.631,-6.571,-42.352
1747510871.31,-0.121,0.042,-0.062,-0.002,1.224,1.217,3.129,-5.276,-40.925
1747510871.33,-0.075,0.041,0.074,0.509,1.454,0.727,3.371,-3.788,-39.758
1747510871.35,0.012,0.046,0.076,0.460,1.367,0.179,3.924,-2.198,-39.232
1747510871.37,0.080,0.016,0.115,0.449,1.419,0.184,4.414,-0.475,-39.035
1747510871.39,0.048,-0.048,0.055,0.537,1.202,0.265,4.995,1.069,-38.762
1747510871.41,0.006,0.024,0.067,0.537,1.248,0.298,5.624,2.450,-38.466
1747510871.43,-0.005,-0.027,0.046,0.381,1.149,0.306,6.174,3.762,-38.140
1747510871.45,-0.028,-0.024,0.060,0.257,1.354,0.287,6.552,5.144,-37.827
1747510871.47,-0.034,-0.004,0.039,0.193,1.715,0.239,6.852,6.865,-37.545
1747510871.49,-0.004,-0.009,0.076,-0.112,1.625,0.032,6.913,8.797,-37.396
1747510871.51,0.017,-0.022,0.039,-0.179,1.345,-0.007,6.717,10.487,-37.365
1747510871.53,0.021,-0.025,-0.022,-0.052,0.902,0.123,6.593,11.793,-37.289
1747510871.55,0.001,0.006,-0.046,0.379,0.610,0.302,6.805,12.589,-37.080
1747510871.57,0.066,-0.002,0.024,1.133,-0.126,-0.172,7.770,12.880,-37.173
1747510871.59,0.046,0.033,0.041,1.033,-0.009,-0.522,8.927,12.879,-37.945
1747510871.61,-0.016,0.061,0.054,0.432,0.125,-0.235,9.670,13.031,-38.567
1747510871.63,0.042,0.050,0.069,0.004,0.116,-0.307,9.801,13.226,-38.884
1747510871.65,0.027,0.026,0.031,0.086,0.093,-0.510,9.727,13.490,-39.356
1747510871.67,0.107,0.055,-0.002,0.234,-0.343,-0.492,9.770,13.441,-39.990
1747510871.69,0.106,0.050,0.049,0.302,-0.717,-0.255,9.973,12.925,-40.491
1747510871.71,0.052,0.019,-0.012,0.394,-0.732,-0.154,10.315,12.093,-40.776
1747510871.73,-0.040,-0.014,-0.114,0.586,-0.355,-0.383,10.788,11.545,-41.179
1747510871.75,-0.024,0.022,-0.164,0.858,-0.056,-0.513,11.501,11.448,-41.881
1747510871.77,0.019,0.045,-0.068,0.814,0.027,-0.450,12.360,11.621,-42.646
1747510871.79,0.051,0.025,0.028,0.526,-0.108,-0.342,13.022,11.703,-43.253
1747510871.81,0.032,0.007,0.050,0.351,-0.168,-0.375,13.411,11.654,-43.758
1747510871.83,0.020,0.007,0.013,0.408,-0.222,-0.482,13.719,11.560,-44.331
1747510871.85,0.007,0.004,-0.081,0.711,-0.279,-0.638,14.189,11.446,-45.099
1747510871.87,0.011,0.041,-0.141,1.060,0.142,-0.736,15.051,11.588,-46.120
1747510871.89,-0.001,0.056,-0.006,0.857,0.309,-0.680,16.006,12.194,-47.201
1747510871.91,0.024,0.015,0.091,0.333,0.123,-0.593,16.516,12.707,-48.087
1747510871.93,0.046,0.012,0.085,0.058,-0.168,-0.566,16.551,12.867,-48.791
1747510871.95,0.009,0.023,-0.018,0.091,-0.161,-0.704,16.464,12.867,-49.534
1747510871.97,-0.054,0.008,-0.083,0.305,0.050,-0.821,16.472,13.047,-50.478
1747510871.99,-0.048,0.024,-0.096,0.591,0.480,-0.821,16.756,13.656,-51.565
1747510872.01,-0.006,0.067,-0.042,0.659,0.622,-0.645,17.256,14.633,-52.625
1747510872.03,0.068,0.102,0.081,0.557,0.413,-0.256,17.803,15.455,-53.350
1747510872.05,0.166,0.099,0.277,0.403,-0.797,-0.378,18.344,15.381,-53.835
1747510872.07,0.169,0.022,0.225,-0.083,-0.718,-0.638,18.327,14.610,-54.519
1747510872.09,-0.016,0.080,0.074,-0.131,-0.527,-0.602,17.997,14.093,-55.176
1747510872.11,-0.026,0.034,-0.055,0.339,-0.448,-0.850,17.900,13.818,-56.017
